spcode,sciname,status,listyear
A009,Antilocapra americana sonoriensis,Endangered,1967
A0A8,Arctocephalus townsendi,Threatened,1967
A00F,Canis rufus,Endangered,1967
A004,Mustela nigripes,Endangered,1967
A000,Myotis sodalis,Endangered,1967
A003,Odocoileus virginianus clavium,Endangered,1967
A002,Odocoileus virginianus leucurus,Endangered,1967
A008,Puma (=Felis) concolor coryi,Endangered,1967
A00B,Sciurus niger cinereus,Recovery,1967
A007,Trichechus manatus,Endangered,1967
A006,Vulpes macrotis mutica,Endangered,1967
B00G,Acrocephalus familiaris kingi,Endangered,1967
B00L,Amazona vittata,Endangered,1967
B00Q,Ammodramus maritimus mirabilis,Endangered,1967
B00R,Ammodramus maritimus nigrescens,Extinction,1967
B007,Anas diazi,Original Data in Error - Taxonomic Revision,1967
B006,Anas laysanensis,Endangered,1967
B005,Anas wyvilliana,Endangered,1967
B069,Anser albifrons elgasi,Resolved Taxon,1967
B00B,Branta canadensis leucopareia,Recovery,1967
B00C,Branta (=Nesochen) sandvicensis,Endangered,1967
B00D,Buteo solitarius,Endangered,1967
B03Q,Campephilus principalis,Endangered,1967
B00Z,Colinus virginianus ridgwayi,Endangered,1967
B004,Corvus hawaiiensis,Endangered,1967
B00H,Gallinula chloropus sandvicensis,Endangered,1967
B003,Grus americana,Endangered,1967
B002,Gymnogyps californianus,Endangered,1967
B008,Haliaeetus leucocephalus,Recovery,1967
B048,Hemignathus lucidus,Endangered,1967
B001,Hemignathus munroi,Endangered,1967
B000,Hemignathus procerus,Endangered,1967
B00K,Loxioides bailleui,Endangered,1967
B00I,Moho braccatus,Endangered,1967
B00S,Myadestes palmeri,Endangered,1967
B01A,Numenius borealis,Endangered,1967
B00E,Palmeria dolei,Endangered,1967
B00M,Pseudonestor xanthophrys,Endangered,1967
B00J,Psittirostra psittacea,Endangered,1967
B00N,Pterodroma sandwichensis,Endangered,1967
B00P,Rallus longirostris yumanensis,Endangered,1967
B00F,Rostrhamus sociabilis plumbeus,Endangered,1967
B03I,Setophaga kirtlandii (= Dendroica kirtlandii),Endangered,1967
B009,Telespyza cantans,Endangered,1967
B00A,Telespyza ultima,Endangered,1967
B00O,Tympanuchus cupido attwateri,Endangered,1967
B03G,Vermivora bachmanii,Endangered,1967
C001,Gambelia silus,Endangered,1967
C002,Thamnophis sirtalis tetrataenia,Endangered,1967
D000,Ambystoma macrodactylum croceum,Endangered,1967
D001,Typhlomolge rathbuni,Endangered,1967
E00B,Acipenser brevirostrum,Endangered,1967
E001,Chasmistes cujus,Endangered,1967
E037,Coregonus alpenae,Extinction,1967
E009,Cyprinodon diabolis,Endangered,1967
E008,Cyprinodon elegans,Endangered,1967
E00A,Cyprinodon radiosus,Endangered,1967
E007,Empetrichthys latos,Endangered,1967
E03C,Eremichthys acros,Threatened,1967
E003,Etheostoma sellare,Endangered,1967
E004,Gambusia gaigei,Endangered,1967
E005,Gambusia heterochir,Endangered,1967
E000,Gila cypha,Endangered,1967
E04M,Lepidomeda vittata,Threatened,1967
E002,Moapa coriacea,Endangered,1967
E00D,Oncorhynchus apache,Threatened,1967
E00G,Oncorhynchus clarkii seleniris,Threatened,1967
E00F,Oncorhynchus clarki stomias,Threatened,1967
E00E,Oncorhynchus gilae,Threatened,1967
E00C,Poeciliopsis occidentalis,Endangered,1967
E006,Ptychocheilus lucius,Endangered,1967
E041,Stizostedion vitreum glaucum,Extinction,1967
A002,Odocoileus virginianus leucurus,Threatened,1967
A002,Odocoileus virginianus leucurus,Recovery,1967
A007,Trichechus manatus,Threatened,1967
B000,Akialoa stejnegeri,Endangered,1967
B00H,Gallinula galeata sandvicensis,Endangered,1967
B048,Hemignathus hanapepe,Endangered,1967
B001,Hemignathus wilsoni,Endangered,1967
C000,Alligator mississippiensis,Similarity of Appearance to a Threatened Taxon,1967
E00F,Oncorhynchus clarkii stomias,Threatened,1967
A02N,Balaena mysticetus,Endangered,1970
A02S,Balaenoptera borealis,Endangered,1970
A02M,Balaenoptera musculus,Endangered,1970
A02O,Balaenoptera physalus,Endangered,1970
A00R,Bison bison athabascae,Threatened,1970
A03X,Dipodomys heermanni morroensis,Endangered,1970
A02P,Eschrichtius robustus,Endangered,1970
A0K7,Eubalaena australis,Endangered,1970
A02R,Eubalaena glacialis,Endangered,1970
A0K6,Eubalaena japonica,Endangered,1970
A03W,Lasiurus cinereus semotus,Endangered,1970
A02Q,Megaptera novaeangliae,Endangered,1970
A028,Monachus monachus,Endangered,1970
A02T,Physeter catodon (=macrocephalus),Endangered,1970
A03Y,Reithrodontomys raviventris,Endangered,1970
B043,Acrocephalus luscinia,Endangered,1970
B049,Columba inornata wetmorei,Endangered,1970
B01H,Falco peregrinus anatum,Recovery,1970
B047,Falco peregrinus tundrius,Recovery,1970
B04G,Fulica americana alai,Endangered,1970
B04C,Himantopus mexicanus knudseni,Endangered,1970
B044,Loxops coccineus coccineus,Endangered,1970
B045,Loxops coccineus ochraceus,Endangered,1970
B00T,Megapodius laperouse,Endangered,1970
B00V,Monarcha takatsukasae,Recovery,1970
B04E,Myadestes lanaiensis rutha,Endangered,1970
B04D,Myadestes myadestinus,Endangered,1970
B04H,Paroreomyza flammea,Endangered,1970
B046,Paroreomyza maculata,Endangered,1970
B02L,Pelecanus occidentalis,Recovery,1970
B00Y,Phoebastria (=Diomedea) albatrus,Endangered,1970
B04F,Picoides borealis,Endangered,1970
B015,Pterodroma cahow,Endangered,1970
B04B,Rallus longirostris levipes,Endangered,1970
B04A,Rallus longirostris obsoletus,Endangered,1970
B00W,Rhynchopsitta pachyrhyncha,Endangered,1970
B03X,Sterna antillarum browni,Endangered,1970
C00F,Dermochelys coriacea,Endangered,1970
C00P,Epicrates inornatus,Endangered,1970
C02E,Epicrates monensis granti,Endangered,1970
C00E,Eretmochelys imbricata,Endangered,1970
C00O,Lepidochelys kempii,Endangered,1970
D004,Bufo houstonensis,Endangered,1970
E047,Cyprinodon nevadensis calidae,Extinction,1970
E00W,Cyprinodon nevadensis pectoralis,Endangered,1970
E00T,Etheostoma fonticola,Endangered,1970
E00U,Etheostoma nuchale,Endangered,1970
E00V,Gambusia nobilis,Endangered,1970
E00X,Gasterosteus aculeatus williamsoni,Endangered,1970
E00Q,Gila bicolor ssp. mohavensis,Endangered,1970
E00R,Gila robusta jordani,Endangered,1970
E00Y,Oncorhynchus clarkii henshawi,Threatened,1970
E00Z,Plagopterus argentissimus,Endangered,1970
E00S,Rhinichthys osculus thermalis,Endangered,1970
A02Q,Megaptera novaeangliae,Resolved Taxon,1970
A02Q,Megaptera novaeangliae,Recovery,1970
A02Q,Megaptera novaeangliae,Threatened,1970
B0OC,Hemignathus affinis,Endangered,1970
B044,Loxops coccineus,Endangered,1970
B045,Loxops ochraceus,Endangered,1970
A084,Leopardus (=Felis) pardalis,Endangered,1972
A042,Leopardus (=Felis) wiedii,Endangered,1972
A040,Panthera onca,Endangered,1972
A04A,Cynomys parvidens,Threatened,1973
A046,Puma (=Felis) concolor couguar,Endangered,1973
B04J,Caprimulgus noctitherus,Endangered,1973
B04I,Grus canadensis pulla,Endangered,1973
B089,Melospiza melodia graminea,Extinction,1973
D005,Batrachoseps aridus,Endangered,1973
E00H,Etheostoma okaloosae,Threatened,1973
A046,Puma (=Felis) concolor couguar,Extinction,1973
A001,Ursus arctos horribilis,Threatened,1975
A001,Ursus arctos horribilis,Resolved Taxon,1975
A001,Ursus arctos horribilis,Under Review in the Candidate or Petition Process,1975
B04N,Melamprosops phaeosoma,Endangered,1975
B04M,Oreomystis mana,Endangered,1975
B04O,Puffinus auricularis newelli,Threatened,1975
C02J,Crocodylus acutus,Threatened,1975
E01S,Etheostoma rubrum,Threatened,1975
E01T,Noturus trautmani,Endangered,1975
E010,Percina tanasi,Threatened,1975
A001,Ursus arctos horribilis,Recovery,1975
A00E,Canis lupus baileyi,Endangered,1976
A05H,Herpailurus (=Felis) yagouaroundi cacomitli,Endangered,1976
A05K,Herpailurus (=Felis) yagouaroundi tolteca,Endangered,1976
A071,Monachus schauinslandi,Endangered,1976
A04J,Myotis grisescens,Endangered,1976
B05T,Agelaius xanthomus,Endangered,1976
F00K,Dromus dromas,Endangered,1976
F00J,Epioblasma florentina curtisii,Endangered,1976
F005,Epioblasma florentina florentina,Endangered,1976
F007,Epioblasma obliquata perobliqua,Endangered,1976
F00N,Epioblasma sampsoni,Extinction,1976
F002,Epioblasma torulosa gubernaculum,Endangered,1976
F003,Epioblasma torulosa torulosa,Endangered,1976
F004,Epioblasma turgidula,Endangered,1976
F00Q,Fusconaia cor,Endangered,1976
F00O,Fusconaia cuneolus,Endangered,1976
F00G,Lampsilis abrupta,Endangered,1976
F009,Lampsilis higginsii,Endangered,1976
F00A,Lampsilis virescens,Endangered,1976
F00I,Lemiox rimosus,Endangered,1976
F00M,Plethobasus cicatricosus,Endangered,1976
F00R,Plethobasus cooperianus,Endangered,1976
F00P,Pleurobema plenum,Endangered,1976
F00T,Potamilus capax,Endangered,1976
F00E,Quadrula intermedia,Endangered,1976
F00D,Quadrula sparsa,Endangered,1976
F00B,Toxolasma cylindrellus,Endangered,1976
F000,Villosa trabalis,Endangered,1976
I00H,Apodemia mormo langei,Endangered,1976
I00Q,Callophrys mossii bayensis,Endangered,1976
I00C,Euphilotes battoides allyni,Endangered,1976
I00R,Euphilotes enoptes smithi,Endangered,1976
I015,Heraclides andraemon bonhotei,Original Data in Error - Act Amendment,1976
I016,Heraclides aristodemus ponceanus,Endangered,1976
I00J,Icaricia icarioides missionensis,Endangered,1976
I00I,Lycaeides argyrognomon lotis,Endangered,1976
A0A7,Enhydra lutris nereis,Threatened,1977
B05S,Amphispiza belli clementeae,Threatened,1977
B059,Anas oustaleti,Extinction,1977
B05R,Lanius ludovicianus mearnsi,Endangered,1977
C01P,Ameiva polops,Endangered,1977
C01O,Anolis roosevelti,Endangered,1977
C01T,Nerodia clarkii taeniata,Threatened,1977
C01M,Xantusia riversiana,Recovery,1977
D00D,Eleutherodactylus jasperi,Threatened,1977
D00N,Hyla andersonii,Original Data in Error - Erroneous Data,1977
D00C,Phaeognathus hubrichti,Threatened,1977
E012,Erimonax monachus,Threatened,1977
E01X,Erimystax cahni,Threatened,1977
E01B,Etheostoma boschungi,Threatened,1977
E01Y,Noturus flavipinnis,Threatened,1977
E011,Speoplatyrhinus poulsoni,Endangered,1977
F010,Epioblasma florentina walkeri (=E. walkeri),Endangered,1977
Q1YO,Acmispon dendroideus var. traskiae (=Lotus d. ssp. traskiae),Threatened,1977
Q1U2,Castilleja grisea,Threatened,1977
Q1VC,Delphinium variegatum ssp. kinkiense,Endangered,1977
Q1YR,Malacothamnus clementinus,Endangered,1977
A00D,Canis lupus,Endangered,1978
A00D,Canis lupus,Resolved Taxon,1978
A00D,Canis lupus,Recovery,1978
A00D,Canis lupus,"Experimental Population, Non-Essential",1978
C00U,Caretta caretta,Resolved Taxon,1978
C00U,Caretta caretta,Threatened,1978
C00U,Caretta caretta,Endangered,1978
C00S,Chelonia mydas,Resolved Taxon,1978
C01S,Crotalus willardi obscurus,Threatened,1978
C01R,Cyclura stejnegeri,Threatened,1978
C026,Drymarchon corais couperi,Threatened,1978
C01Q,Epicrates monensis monensis,Threatened,1978
C00V,Lepidochelys olivacea,Threatened,1978
E01Z,Oncorhynchus aguabonita whitei,Threatened,1978
E017,Percina pantherina,Threatened,1978
G00W,Anguispira picta,Threatened,1978
G00T,Discus macclintocki,Endangered,1978
G00Y,Orthalicus reses (not incl. nesodryas),Threatened,1978
G00V,Patera clarki nantahala,Threatened,1978
G00Z,Polygyriscus virginianus,Endangered,1978
G00P,Succinea chittenangoensis,Threatened,1978
G00S,Triodopsis platysayoides,Threatened,1978
K01Y,Thermosphaeroma thermophilus,Endangered,1978
Q1SN,Aconitum noveboracense,Threatened,1978
Q1SX,Arabis macdonaldiana,Endangered,1978
Q070,Astragalus perianus,Original Data in Error - Erroneous Data,1978
Q1TD,Baptisia arachnifera,Endangered,1978
Q1TG,Betula uber,Threatened,1978
Q1US,Cordylanthus maritimus ssp. maritimus,Endangered,1978
Q1VT,Dudleya traskiae,Endangered,1978
Q1WA,Erysimum capitatum var. angustatum,Endangered,1978
Q1ZM,Oenothera avita ssp. eurekensis,Endangered,1978
Q1ZN,Oenothera deltoides ssp. howellii,Endangered,1978
Q1ZW,Pedicularis furbishiae,Endangered,1978
Q203,Phacelia argillacea,Endangered,1978
Q20P,Pogogyne abramsii,Endangered,1978
Q225,Swallenia alexandrae,Endangered,1978
Q23D,Trillium persistens,Endangered,1978
Q23L,Tuctoria mucronata,Endangered,1978
Q23Q,Vicia menziesii,Endangered,1978
Q24A,Zizania texana,Endangered,1978
A00D,Canis lupus,Status Undefined,1978
G00V,Mesodon clarki nantahala,Threatened,1978
Q1ZM,Oenothera avita ssp. eurekensis,Recovery,1978
Q225,Swallenia alexandrae,Threatened,1978
A075,Corynorhinus (=Plecotus) townsendii ingens,Endangered,1979
A080,Corynorhinus (=Plecotus) townsendii virginianus,Endangered,1979
A00A,Monachus tropicalis,Extinction,1979
C000,Alligator mississippiensis,Similarity of Appearance to a Threatened Taxon,1979
Q1SZ,Arctomecon humilis,Endangered,1979
Q1T0,Arctostaphylos hookeri var. ravenii,Endangered,1979
Q1TF,Berberis (=Mahonia) sonnei,Original Data in Error - Erroneous Data,1979
Q1UU,Coryphantha minima,Endangered,1979
Q1UV,Coryphantha ramillosa,Threatened,1979
Q1UW,Coryphantha sneedii var. leei,Threatened,1979
Q1UX,Coryphantha sneedii var. sneedii,Endangered,1979
Q1VU,Echinacea tennesseensis,Recovery,1979
Q1VV,Echinocactus horizonthalonius var. nicholii,Endangered,1979
Q0OP,Echinocereus engelmannii var. purpureus,Original Data in Error - Erroneous Data,1979
Q1VW,Echinocereus fendleri var. kuenzleri,Endangered,1979
Q1VX,Echinocereus lloydii,Original Data in Error - Erroneous Data,1979
Q1VY,Echinocereus reichenbachii var. albertii,Endangered,1979
Q1VZ,Echinocereus triglochidiatus var. arizonicus,Endangered,1979
Q1W1,Echinocereus triglochidiatus var. inermis,Original Data in Error - Erroneous Data,1979
Q1W0,Echinocereus viridiflorus var. davisii,Endangered,1979
Q1W2,Echinomastus mariposensis,Threatened,1979
Q1WW,Haplostachys haplostachya,Endangered,1979
Q1WX,Harperocallis flava,Endangered,1979
Q1XP,Kokia cookei,Endangered,1979
Q1YJ,Lipochaeta venosa,Endangered,1979
Q1ZF,Mirabilis macfarlanei,Threatened,1979
Q1ZX,Pediocactus bradyi,Endangered,1979
Q200,"Pediocactus (=Echinocactus,=Utahia) sileri",Threatened,1979
Q1ZY,Pediocactus knowltonii,Endangered,1979
Q1ZZ,Pediocactus peeblesianus var. peeblesianus,Endangered,1979
Q215,Rhododendron chapmanii,Endangered,1979
Q219,Sagittaria fasciculata,Endangered,1979
Q21B,Sarracenia oreophila,Endangered,1979
Q1SV,Sclerocactus brevihamatus ssp. tobuschii,Endangered,1979
Q21I,Sclerocactus glaucus,Threatened,1979
Q21J,Sclerocactus mesae-verdae,Threatened,1979
Q21K,Sclerocactus wrightiae,Endangered,1979
Q21Z,Stenogyne angustifolia angustifolia,Endangered,1979
Q1VW,Echinocereus fendleri var. kuenzleri,Threatened,1979
Q1SV,Sclerocactus brevihamatus ssp. tobuschii,Threatened,1979
C04L,Gopherus agassizii,Threatened,1980
C021,Pseudemys rubriventris bangsi,Endangered,1980
C02I,Uma inornata,Threatened,1980
D00I,Eurycea nana,Threatened,1980
E023,Cyprinodon bovinus,Endangered,1980
E022,Gambusia amistadensis,Extinction,1980
E021,Gambusia georgei,Endangered,1980
E027,Gila boraxobius,Endangered,1980
E020,Gila elegans,Endangered,1980
I01L,Desmocerus californicus dimorphus,Threatened,1980
I01G,Elaphrus viridis,Threatened,1980
I01C,Euproserpinus euterpe,Threatened,1980
I01B,Glaucopsyche lygdamus palosverdesensis,Endangered,1980
I01A,Speyeria zerene hippolyta,Threatened,1980
Q2U5,Hudsonia montana,Threatened,1980
Q20V,Potentilla robbinsiana,Recovery,1980
G01J,Achatinella spp.,Endangered,1981
Q1TT,Callirhoe scabriuscula,Endangered,1981
Q1W7,Eriogonum gypsophilum,Threatened,1981
Q24C,Hedeoma todsenii,Endangered,1981
C038,Sphaerodactylus micropithecus,Endangered,1982
E042,Cyprinodon nevadensis mionectes,Endangered,1982
E03A,Rhinichthys osculus nevadensis,Endangered,1982
K008,Antrolana lira,Threatened,1982
K004,Stygobromus hayi,Endangered,1982
Q1UE,Euphorbia skottsbergii var. skottsbergii,Endangered,1982
Q24D,Hedeoma apiculatum,Original Data in Error - New Information Discovered,1982
Q1XL,Isotria medeoloides,Threatened,1982
Q204,Phacelia formosula,Endangered,1982
Q21X,Spiranthes parksii,Endangered,1982
Q221,Stephanomeria malheurensis,Endangered,1982
A087,Neotoma floridana smalli,Endangered,1983
A086,Peromyscus gossypinus allapaticola,Endangered,1983
A088,Rangifer tarandus caribou,Endangered,1983
E028,Gila nigrescens,Threatened,1983
K01X,Palaemonias ganteri,Endangered,1983
Q21L,Packera franciscana,Threatened,1983
Q1ZR,Panicum fauriei var. carteri,Endangered,1983
A082,Microtus californicus scirpensis,Endangered,1984
A07X,Pteropus mariannus mariannus,Resolved Taxon,1984
A07X,Pteropus mariannus mariannus,Threatened,1984
A07W,Pteropus tokudae,Endangered,1984
B091,Aerodramus vanikorensis bartschi,Endangered,1984
B05X,Corvus kubaryi,Endangered,1984
B062,Gallinula chloropus guami,Endangered,1984
B06O,Mycteria americana,Threatened,1984
B05W,Myiagra freycineti,Extinction,1984
B063,Rallus owstoni,Endangered,1984
B061,Todiramphus cinnamominus,Endangered,1984
B064,Zosterops conspicillatus conspicillatus,Endangered,1984
D01R,Bufo hemiophrys baxteri,Endangered,1984
E02J,Amblyopsis rosae,Threatened,1984
E04B,Cyprinella formosa,Threatened,1984
E034,Gila purpurea,Endangered,1984
E02H,Ictalurus pricei,Threatened,1984
E02C,Noturus baileyi,Endangered,1984
Q24L,Agave arizonica,Original Data in Error - Erroneous Data,1984
Q1TH,Bidens cuneata,Original Data in Error - Taxonomic Revision,1984
Q29P,Eriogonum pelinophilum,Endangered,1984
Q1WH,Frankenia johnstonii,Recovery,1984
Q1WP,Gouania hillebrandii,Endangered,1984
Q1XQ,Kokia drynarioides,Endangered,1984
Q208,Pilosocereus robinii,Endangered,1984
Q20Z,Purshia (=Cowania) subintegra,Endangered,1984
Q21E,Schiedea adamantis,Endangered,1984
Q2IS,Sidalcea pedata,Endangered,1984
Q224,Styrax texanus,Endangered,1984
Q2KB,Thelypodium stenopetalum,Endangered,1984
Q1SH,Thymophylla tephroleuca,Endangered,1984
R006,Torreya taxifolia,Endangered,1984
B061,Halcyon cinnamomina cinnamomina,Endangered,1984
A08O,Dipodomys nitratoides exilis,Endangered,1985
A09M,Glaucomys sabrinus coloratus,Endangered,1985
A09R,Glaucomys sabrinus fuscus,Recovery,1985
A08B,Peromyscus polionotus allophrys,Endangered,1985
A08Y,Peromyscus polionotus ammobates,Endangered,1985
A08C,Peromyscus polionotus trissyllepsis,Endangered,1985
B079,Charadrius melodus,Endangered,1985
B079,Charadrius melodus,Threatened,1985
B07N,Sterna antillarum,Endangered,1985
E053,Catostomus microps,Recovery,1985
E057,Catostomus warnerensis,Threatened,1985
E04U,Crenichthys baileyi baileyi,Endangered,1985
E04Q,Crenichthys baileyi grandis,Endangered,1985
E02B,Etheostoma nianguae,Threatened,1985
E02S,Gila bicolor ssp.,Threatened,1985
E02W,Gila bicolor ssp. snyderi,Endangered,1985
E04P,Lepidomeda albivallis,Endangered,1985
E04L,Lepidomeda mollispinis pratensis,Threatened,1985
E05F,Percina antesella,Endangered,1985
E05H,Percina jenkinsi,Endangered,1985
E03D,Rhinichthys osculus ssp.,Threatened,1985
F015,Elliptio steinstansana,Endangered,1985
I023,Ambrysus amargosus,Threatened,1985
Q24H,Acanthomintha obovata ssp. duttonii,Endangered,1985
Q2RI,Amorpha crenulata,Endangered,1985
Q1SU,Amsinckia grandiflora,Endangered,1985
Q1T9,Astragalus humillimus,Endangered,1985
Q1TB,Astragalus phoenix,Threatened,1985
Q26G,Buxus vahlii,Endangered,1985
Q26O,Camissonia benitensis,Threatened,1985
Q1U1,Carex specuicola,Threatened,1985
Q1U5,Centaurium namophilum,Threatened,1985
Q1U6,Cereus eriophorus var. fragrans,Endangered,1985
Q26X,Chamaesyce deltoidea ssp. deltoidea,Endangered,1985
Q1U9,Chamaesyce garberi,Threatened,1985
Q2RL,Dicerandra christmanii,Endangered,1985
Q2OH,Dicerandra cornutissima,Endangered,1985
Q1VE,Dicerandra frutescens,Endangered,1985
Q1VF,Dicerandra immaculata,Endangered,1985
Q297,Enceliopsis nudicaulis var. corrugata,Threatened,1985
Q1W3,Erigeron maguirei,Recovery,1985
Q1W4,Erigeron rhizomatus,Threatened,1985
Q29S,Eryngium constancei,Endangered,1985
Q2RJ,Galactia smallii,Endangered,1985
Q1WJ,Gardenia brighamii,Endangered,1985
Q2AL,Goetzea elegans,Endangered,1985
Q2AM,Grindelia fraxinipratensis,Threatened,1985
Q1XI,Hoffmannseggia tenella,Endangered,1985
Q1XM,Ivesia kingii var. eremica,Threatened,1985
Q1ZD,Mentzelia leucophylla,Threatened,1985
Q2E8,Nitrophila mohavensis,Endangered,1985
Q2QK,Pityopsis ruthii,Endangered,1985
Q2GW,Polygala smallii,Endangered,1985
Q2H5,Primula maguirei,Threatened,1985
Q217,Ribes echinellum,Threatened,1985
Q21U,Solidago shortii,Endangered,1985
Q2J7,Solidago spithamaea,Threatened,1985
Q234,Townsendia aprica,Threatened,1985
Q2MX,Zanthoxylum thomasianum,Endangered,1985
A09G,Sorex longirostris fisheri,Original Data in Error - New Information Discovered,1986
B07G,Ammodramus savannarum floridanus,Endangered,1986
B06V,Falco femoralis septentrionalis,Endangered,1986
B067,Vireo bellii pusillus,Endangered,1986
C022,Graptemys oculifera,Threatened,1986
C04E,Nerodia paucimaculata,Recovery,1986
E050,Chasmistes liorus,Endangered,1986
E04T,Crenichthys nevadae,Threatened,1986
E044,Cyprinodon macularius,Endangered,1986
E029,Gila ditaenia,Threatened,1986
E05J,Meda fulgida,Endangered,1986
E03X,Tiaroga cobitis,Endangered,1986
K01S,Orconectes shoupi,Endangered,1986
Q1SK,Abutilon menziesii,Endangered,1986
Q24I,Achyranthes splendens var. rotundata,Endangered,1986
Q25I,Argyroxiphium sandwicense ssp. sandwicense,Endangered,1986
Q1T7,Asimina tetramera,Endangered,1986
Q272,Chrysopsis floridana,Endangered,1986
Q2SM,Clematis socialis,Endangered,1986
Q1UT,Cordylanthus palmatus,Endangered,1986
Q27L,Coryphantha robbinsiorum,Threatened,1986
Q1V7,Cycladenia humilis var. jonesii,Threatened,1986
Q28O,Deeringothamnus pulchellus,Endangered,1986
Q28P,Deeringothamnus rugelii,Endangered,1986
Q2OR,Eriogonum ovalifolium var. williamsiae,Endangered,1986
Q2A1,Erythronium propullans,Endangered,1986
Q1XB,Hibiscadelphus distans,Endangered,1986
Q2RK,Hymenoxys texana,Endangered,1986
Q2BP,Iliamna corei,Endangered,1986
Q2CO,Lindera melissifolia,Endangered,1986
Q09U,Mezoneuron kavaiense,Endangered,1986
Q2EL,Oxypolis canbyi,Endangered,1986
Q2HX,Santalum haleakalae var. lanaiense,Endangered,1986
Q21C,Scaevola coriacea,Endangered,1986
Q2IA,Scutellaria montana,Threatened,1986
Q2LC,Tumamoca macdougalii,Original Data in Error - New Information Discovered,1986
A08P,Dipodomys ingens,Endangered,1987
A0EU,Microtus mexicanus hualpaiensis,Endangered,1987
A09O,Tamiasciurus hudsonicus grahamensis,Endangered,1987
B082,Aphelocoma coerulescens,Threatened,1987
B07Q,Pipilo crissalis eremophilus,Threatened,1987
B06Q,Polyborus plancus audubonii,Threatened,1987
B07O,Sterna dougallii dougallii,Endangered,1987
B07O,Sterna dougallii dougallii,Threatened,1987
B07T,Vireo atricapilla,Endangered,1987
C03T,Eumeces egregius lividus,Threatened,1987
C044,Gopherus polyphemus,Threatened,1987
C03V,Neoseps reynoldsi,Threatened,1987
C01W,Pseudemys alabamensis,Endangered,1987
C01Y,Sternotherus depressus,Threatened,1987
D00M,Peltophryne lemur,Threatened,1987
E01P,Menidia extensa,Threatened,1987
E01N,Notropis mekistocholas,Endangered,1987
E04F,Notropis simus pecosensis,Threatened,1987
E05I,Phoxinus cumberlandensis,Threatened,1987
F012,Epioblasma penita,Endangered,1987
F011,Pleurobema curtum,Endangered,1987
F013,Pleurobema marshalli,Endangered,1987
F014,Pleurobema taitianum,Endangered,1987
F027,Quadrula stapes,Endangered,1987
I021,Euphydryas editha bayensis,Threatened,1987
I01E,Hesperia leonardus montana,Threatened,1987
K02H,Cambarus zophonastes,Endangered,1987
Q25M,Asclepias welshii,Threatened,1987
Q260,Astragalus montii,Threatened,1987
Q1TC,Astragalus robbinsii var. jesupi,Endangered,1987
Q266,Banara vanderbiltii,Endangered,1987
Q26B,Bonamia grandiflora,Threatened,1987
Q26Y,Chionanthus pygmaeus,Endangered,1987
Q277,Cirsium vinaceum,Threatened,1987
Q27R,Crescentia portoricensis,Endangered,1987
Q2T6,Dodecahema leptoceras,Endangered,1987
Q29A,Eriastrum densifolium ssp. sanctorum,Endangered,1987
Q29T,Eryngium cuneifolium,Endangered,1987
Q1WK,Geocarpon minimum,Threatened,1987
Q1XJ,Hypericum cumulicola,Endangered,1987
Q2BO,Ilex cookii,Endangered,1987
Q2CB,Lespedeza leptostachya,Threatened,1987
Q2PE,Lesquerella pallida,Endangered,1987
Q2CI,Liatris helleri,Threatened,1987
Q2PR,Lupinus aridorum,Endangered,1987
Q2DF,Lysimachia asperulaefolia,Endangered,1987
Q1ZV,Paronychia chartacea,Threatened,1987
Q2QA,Pediocactus despainii,Endangered,1987
Q2EX,Penstemon haydenii,Endangered,1987
Q2F6,Peperomia wheeleri,Endangered,1987
Q2CC,Physaria filiformis,Threatened,1987
Q20R,Polygonella basiramia,Endangered,1987
Q20X,Prunus geniculata,Endangered,1987
Q1N9,Schoenocrambe suffrutescens,Endangered,1987
Q2QW,Serianthes nelsonii,Endangered,1987
Q2RE,Trifolium stoloniferum,Endangered,1987
Q2M9,Warea amplexifolia,Endangered,1987
Q2MA,Warea carteri,Endangered,1987
R005,Cupressus abramsiana,Threatened,1987
S01J,Cyathea dryopteroides,Endangered,1987
A0EU,Microtus mexicanus hualpaiensis,Original Data in Error - Not a listable entity,1987
B07T,Vireo atricapilla,Recovery,1987
A08S,Dipodomys nitratoides nitratoides,Endangered,1988
A08Q,Dipodomys stephensi (incl. D. cascus),Endangered,1988
A0AD,Leptonycteris curasoae yerbabuenae,Endangered,1988
A0AE,Leptonycteris nivalis,Endangered,1988
E055,Chasmistes brevirostris,Endangered,1988
E052,Deltistes luxatus,Endangered,1988
E05P,Etheostoma wapiti,Endangered,1988
F02C,Margaritifera hembeli,Threatened,1988
F00L,Pegias fabula,Endangered,1988
F025,Pleurobema collina,Endangered,1988
I0I9,Batrisodes texanus,Endangered,1988
I0IB,Rhadine persephone,Endangered,1988
I0IA,Texamaurops reddelli,Endangered,1988
J00B,Neoleptoneta myopica,Endangered,1988
J00A,Tartarocreagris texana,Endangered,1988
J008,Texella reddelli,Endangered,1988
J009,Texella reyesi,Endangered,1988
K01U,Pacifastacus fortis,Endangered,1988
K01V,Palaemonias alabamae,Endangered,1988
K01W,Syncaris pacifica,Endangered,1988
Q24E,Abronia macrocarpa,Endangered,1988
Q24K,Agalinis acuta,Endangered,1988
Q1ST,Amphianthus pusillus,Threatened,1988
Q25F,Arenaria cumberlandensis,Endangered,1988
Q1T6,Asclepias meadii,Threatened,1988
Q26A,Boltonia decurrens,Threatened,1988
Q276,Cirsium pitcheri,Threatened,1988
Q27I,Cornutia obovata,Endangered,1988
Q28N,Daphnopsis hellerana,Endangered,1988
Q294,Echinocereus chisoensis var. chisoensis,Threatened,1988
Q2B8,Helonias bullata,Threatened,1988
Q2U6,Hymenoxys herbacea,Threatened,1988
Q2BS,Iris lacustris,Threatened,1988
Q1YN,Lomatium bradshawii,Endangered,1988
Q1YT,Marshallia mohrii,Threatened,1988
Q2EM,Oxytropis campestris var. chartacea,Threatened,1988
Q2H9,Ptilimnium nodosum,Endangered,1988
Q211,Quercus hinckleyi,Threatened,1988
Q2I0,Sarracenia rubra ssp. jonesii,Endangered,1988
Q2J3,Solanum drymophilum,Endangered,1988
Q21T,Solidago albopilosa,Threatened,1988
Q2J5,Solidago houghtonii,Threatened,1988
Q2KU,Trichilia triacantha,Endangered,1988
Q2RG,Trillium reliquum,Endangered,1988
S015,Isoetes melanospora,Endangered,1988
S019,Isoetes tegetiformans,Endangered,1988
S00V,Polystichum aleuticum,Endangered,1988
A0AD,Leptonycteris curasoae yerbabuenae,Recovery,1988
Q21T,Solidago albopilosa,Recovery,1988
A0C9,Peromyscus polionotus niveiventris,Threatened,1989
A0BM,Peromyscus polionotus phasma,Endangered,1989
D011,Plethodon nettingi,Threatened,1989
D01G,Plethodon shenandoah,Endangered,1989
E01L,Cottus paulus (=pygmaeus),Threatened,1989
E02A,Gila seminuda (=robusta),Endangered,1989
E01G,Percina rex,Endangered,1989
E03E,Rhinichthys osculus lethoporus,Endangered,1989
E03B,Rhinichthys osculus oligoporus,Endangered,1989
F01X,Hemistena lata,Endangered,1989
F020,Lampsilis streckeri,Endangered,1989
F00S,Obovaria retusa,Endangered,1989
G00K,Inflectarius magazinensis,Recovery,1989
I028,Nicrophorus americanus,Endangered,1989
Q24Z,Amsonia kearneyana,Endangered,1989
Q2XA,Arabis serotina,Endangered,1989
Q1T1,Argemone pleiacantha ssp. pinnatisecta,Endangered,1989
Q1TA,Astragalus osterhoutii,Endangered,1989
Q1TV,Campanula robinsiae,Endangered,1989
Q1U0,Cardamine micranthera,Endangered,1989
Q1XA,Hexastylis naniflora,Threatened,1989
Q1XO,Justicia cooleyi,Endangered,1989
Q1XZ,Liatris ohlingerae,Endangered,1989
Q2YC,Penstemon penlandii,Endangered,1989
Q2GG,Platanthera leucophaea,Threatened,1989
Q2YD,Platanthera praeclara,Threatened,1989
Q212,Ranunculus aestivalis (=acriformis),Endangered,1989
Q2HH,Rhus michauxii,Endangered,1989
Q2HZ,Sarracenia rubra ssp. alabamensis,Endangered,1989
Q231,Thalictrum cooleyi,Endangered,1989
Q2WX,Ziziphus celata,Endangered,1989
S00O,Asplenium scolopendrium var. americanum,Threatened,1989
A0FS,Eumetopias jubatus,Recovery,1990
A0FS,Eumetopias jubatus,Endangered,1990
A0AA,Sylvilagus palustris hefneri,Endangered,1990
B07W,Dendroica chrysoparia,Endangered,1990
B08B,Strix occidentalis caurina,Threatened,1990
C04L,Gopherus agassizii,Similarity of Appearance to a Threatened Taxon,1990
E04C,Notropis cahabae,Endangered,1990
E03S,Noturus placidus,Threatened,1990
E06D,Oncorhynchus (=Salmo) tshawytscha,Endangered,1990
E06X,Scaphirhynchus albus,Endangered,1990
F029,Alasmidonta heterodon,Endangered,1990
F02H,Cyprogenia stegaria,Endangered,1990
F006,Epioblasma obliquata obliquata,Endangered,1990
F02I,Lampsilis powellii,Threatened,1990
F01O,Potamilus inflatus,Threatened,1990
I02C,Cicindela dorsalis dorsalis,Threatened,1990
I02D,Cicindela puritana,Threatened,1990
K02F,Palaemonetes cummingi,Threatened,1990
Q1SW,Apios priceana,Threatened,1990
Q25J,Aristida portoricensis,Endangered,1990
Q1T8,Astragalus cremnophylax var. cremnophylax,Endangered,1990
Q26M,Calyptronoma rivalis,Threatened,1990
Q2Y8,Caulanthus californicus,Endangered,1990
Q26W,Chamaecrista glandulosa var. mirabilis,Endangered,1990
Q2TD,Eremalche kernensis,Endangered,1990
Q2TE,Eriastrum hooveri,Original Data in Error - New Information Discovered,1990
Q1WM,Geum radiatum,Endangered,1990
Q2AX,Harrisia portoricensis,Threatened,1990
Q2B3,Hedyotis purpurea var. montana,Endangered,1990
Q1XV,Lepidium barnebyanum,Endangered,1990
Q351,Lesquerella congesta,Threatened,1990
Q1XX,Lesquerella lyrata,Threatened,1990
Q2DN,Mimulus michiganensis,Endangered,1990
Q34W,Monolopia (=Lembertia) congdonii,Endangered,1990
Q2YG,Opuntia treleasei,Endangered,1990
Q2EK,Ottoschulzia rhodoxylon,Endangered,1990
Q2VH,Physaria obcordata,Threatened,1990
Q2VT,Sagittaria secundifolia,Threatened,1990
Q21W,Spigelia gentianoides,Endangered,1990
Q2R1,Spiraea virginiana,Threatened,1990
Q2JA,Stahlia monosperma,Threatened,1990
A0BJ,Aplodontia rufa nigra,Endangered,1991
A0ET,Microtus pennsylvanicus dukecampbelli,Endangered,1991
A083,Oryzomys palustris natator,Endangered,1991
A0G0,Puma (=Felis) concolor (all subsp. except coryi),Similarity of Appearance to a Threatened Taxon,1991
B08A,Corvus leucognaphalus,Endangered,1991
C025,Graptemys flavimaculata,Threatened,1991
E04W,Acipenser oxyrinchus (=oxyrhynchus) desotoi,Threatened,1991
E054,Xyrauchen texanus,Endangered,1991
F00U,Arkansia wheeleri,Endangered,1991
F033,Pleurobema gibberum,Endangered,1991
F00C,Quadrula fragosa,Endangered,1991
G01M,Oxyloma haydeni kanabensis,Endangered,1991
G05P,Pyrgulopsis neomexicana,Endangered,1991
G03Q,Tryonia alamosae,Endangered,1991
G04X,Tulotoma magnifica,Threatened,1991
I01Q,Boloria acrocnema,Endangered,1991
I00K,Neonympha mitchellii mitchellii,Endangered,1991
Q1SJ,Abutilon eremitopetalum,Endangered,1991
Q1SL,Abutilon sandwicense,Endangered,1991
Q2Z8,Astragalus bibullatus,Endangered,1991
Q1TO,Blennosperma bakeri,Endangered,1991
Q30Q,Centaurium sebaeoides,Endangered,1991
Q1UR,Conradina verticillata,Threatened,1991
Q3A8,Cranichis ricartii,Endangered,1991
Q27U,Cryptantha crassipes,Endangered,1991
Q2SU,Cyanea macrostegia ssp. gibsonii,Endangered,1991
Q284,Cyanea pinnatifida,Endangered,1991
Q1V6,Cyanea superba,Endangered,1991
Q31X,Cyanea undulata,Endangered,1991
Q28M,Dalea foliosa,Endangered,1991
Q2T8,Dubautia herbstobatae,Endangered,1991
Q32P,Dubautia pauciflorula,Endangered,1991
Q1U7,Euphorbia celastroides var. kaenana,Endangered,1991
Q30T,Euphorbia kuwaleana,Endangered,1991
Q1WI,Gahnia lanaiensis,Original Data in Error - Taxonomic Revision,1991
Q1WQ,Gouania meyenii,Endangered,1991
Q2B7,Helianthus schweinitzii,Endangered,1991
Q1X8,Hesperomannia arbuscula,Endangered,1991
Q1X9,Hesperomannia lydgatei,Endangered,1991
Q2BU,Isodendrion hosakae,Endangered,1991
Q1X0,Kadua degeneri,Endangered,1991
Q1X2,Kadua parvula,Endangered,1991
Q1X5,Kadua st.-johnii,Endangered,1991
Q2C3,Labordia lydgatei,Endangered,1991
Q1XU,Lasthenia burkei,Endangered,1991
Q2C5,Lepanthes eltoroensis,Endangered,1991
Q1Y1,Limnanthes vinculans,Endangered,1991
Q1YC,Lipochaeta lobata var. leptophylla,Endangered,1991
Q1YK,Lobelia niihauensis,Endangered,1991
Q1YS,Manihot walkerae,Endangered,1991
Q2D0,Melanthera tenuifolia,Endangered,1991
Q1ZH,Neraudia angulata,Endangered,1991
Q1ZL,Nototrichium humile,Endangered,1991
Q205,Phlox nivalis ssp. texensis,Endangered,1991
Q206,Phyllostegia glabra var. lanaiensis,Endangered,1991
Q2FT,Phyllostegia mollis,Endangered,1991
Q20U,Potamogeton clystocarpus,Endangered,1991
Q213,Remya kauaiensis,Endangered,1991
Q214,Remya mauiensis,Endangered,1991
Q2YH,Remya montgomeryi,Endangered,1991
Q216,Rhynchospora knieskernii,Threatened,1991
Q38R,Sanicula mariversa,Endangered,1991
Q2VV,Schiedea apokremnos,Endangered,1991
Q21F,Schiedea kaalae,Endangered,1991
Q1SQ,Schiedea obovata,Endangered,1991
Q1SR,Schiedea trinervis,Endangered,1991
Q2W3,Schoepfia arenaria,Threatened,1991
Q21H,Scirpus ancistrochaetus,Endangered,1991
Q39A,Silene perlmanii,Endangered,1991
Q21P,Silene polypetala,Endangered,1991
Q39D,Sisyrinchium dichotomum,Endangered,1991
Q228,Tetramolopium filiforme,Endangered,1991
Q229,Tetramolopium lepidotum ssp. lepidotum,Endangered,1991
Q22A,Tetramolopium remyi,Endangered,1991
Q23M,Urera kaalae,Endangered,1991
Q23S,Viola chamissoniana ssp. chamissoniana,Endangered,1991
Q23T,Viola helenae,Endangered,1991
Q23V,Viola lanaiensis,Endangered,1991
Q2MP,Xyris tennesseensis,Endangered,1991
S00Q,Asplenium dielfalcatum,Endangered,1991
Q2SU,Cyanea gibsonii,Endangered,1991
Q30Q,Schenkia sebaeoides,Endangered,1991
A0G1,Ursus americanus,Similarity of Appearance to a Threatened Taxon,1992
A08F,Ursus americanus luteolus,Recovery,1992
B08C,Brachyramphus marmoratus,Threatened,1992
E05Y,Cyprinella caerulea,Threatened,1992
E06Y,Oncorhynchus (=Salmo) nerka,Endangered,1992
E06D,Oncorhynchus (=Salmo) tshawytscha,Threatened,1992
E05S,Percina aurolineata,Threatened,1992
G05Q,Lanx sp.,Endangered,1992
G01L,Physa natricina,Endangered,1992
G04D,Pyrgulopsis idahoensis,Original Data in Error - Erroneous Data,1992
G01K,Taylorconcha serpenticola,Threatened,1992
G05R,Valvata utahensis,Original Data in Error - New Information Discovered,1992
I00F,Lycaeides melissa samuelis,Endangered,1992
I00N,Speyeria zerene myrtleae,Endangered,1992
K02C,Lirceus usdagalun,Endangered,1992
Q1SM,Acaena exigua,Endangered,1992
Q24J,Aeschynomene virginica,Threatened,1992
Q1SO,Alectryon macrococcus,Endangered,1992
Q1T3,Argyroxiphium sandwicense ssp. macrocephalum,Threatened,1992
Q1TK,Bidens micrantha ssp. kalealaha,Endangered,1992
Q1TN,Bidens wiebkei,Endangered,1992
Q1TS,Brighamia rockii,Endangered,1992
Q26J,Callicarpa ampla,Endangered,1992
Q1TX,Canavalia molokaiensis,Endangered,1992
Q270,Chorizanthe howellii,Endangered,1992
Q1UF,Chorizanthe valida,Endangered,1992
Q315,Clematis morefieldii,Endangered,1992
Q317,Clermontia oblongifolia ssp. brevipes,Endangered,1992
Q318,Clermontia oblongifolia ssp. mauiensis,Endangered,1992
Q2ST,Cyanea lobata,Endangered,1992
Q31P,Cyanea mannii,Endangered,1992
Q1V3,Cyanea mceldowneyi,Endangered,1992
Q31S,Cyanea procera,Endangered,1992
Q28I,Cyrtandra munroi,Endangered,1992
Q1VK,Dubautia latifolia,Endangered,1992
Q293,Echinacea laevigata,Endangered,1992
Q29W,Erysimum menziesii,Endangered,1992
Q1UA,Euphorbia halemanui,Endangered,1992
Q2A5,Euphorbia telephioides,Threatened,1992
Q1WL,Geranium arboreum,Endangered,1992
Q2AI,Geranium multiflorum,Endangered,1992
Q2AJ,Gilia tenuiflora ssp. arenaria,Endangered,1992
Q1X1,Hedyotis mannii,Endangered,1992
Q2BC,Hibiscus arnottianus ssp. immaculatus,Endangered,1992
Q3AB,Ilex sintenisii,Endangered,1992
Q1WZ,Kadua coriacea,Endangered,1992
Q34T,Layia carnosa,Endangered,1992
Q2YE,Limnanthes floccosa ssp. californica,Endangered,1992
Q2CS,Lipochaeta kamolensis,Endangered,1992
Q2DD,Lupinus tidestromii,Endangered,1992
Q35J,Lysimachia lydgatei,Endangered,1992
Q1YP,Macbridea alba,Threatened,1992
Q1Z3,Melicope mucronulata,Endangered,1992
Q1ZB,Melicope reflexa,Endangered,1992
Q3AE,Phyllostegia mannii,Endangered,1992
Q20O,Poa sandvicensis,Endangered,1992
Q2GQ,Poa siphonoglossa,Endangered,1992
Q20W,Pritchardia munroi,Endangered,1992
Q392,Rhodiola integrifolia ssp. leedyi,Threatened,1992
Q2VW,Schiedea haleakalensis,Endangered,1992
Q2VY,Schiedea lydgatei,Endangered,1992
Q38X,Schoenocrambe argillacea,Threatened,1992
Q2QU,Schoenocrambe barnebyi,Endangered,1992
Q2I4,Schwalbea americana,Endangered,1992
Q2I9,Scutellaria floridana,Threatened,1992
Q21N,Silene alexandri,Endangered,1992
Q21O,Silene lanceolata,Endangered,1992
Q2WA,Spiranthes diluvialis,Threatened,1992
Q39K,Stenogyne bifida,Endangered,1992
Q39L,Stenogyne campanulata,Endangered,1992
Q220,Stenogyne kanehoana,Endangered,1992
Q2R6,Styrax portoricensis,Endangered,1992
Q2JL,Ternstroemia luquillensis,Endangered,1992
Q2JM,Ternstroemia subsessilis,Endangered,1992
Q22B,Tetramolopium rockii,Threatened,1992
Q245,Wilkesia hobdyi,Endangered,1992
Q2MK,Xylosma crenatum,Endangered,1992
S01K,Huperzia mannii,Endangered,1992
S00T,Isoetes louisianensis,Endangered,1992
S00U,Marsilea villosa,Endangered,1992
S01N,Thelypteris pilosa var. alabamensis,Threatened,1992
A0G1,Ursus americanus,Resolved Taxon,1992
Q1X1,Kadua laxiflora,Endangered,1992
Q2CS,Melanthera kamolensis,Endangered,1992
A0GO,Phoca hispida saimensis,Endangered,1993
B07C,Charadrius alexandrinus nivosus,Threatened,1993
B08X,Polioptila californica californica,Threatened,1993
B08Z,Somateria fischeri,Threatened,1993
B074,Strix occidentalis lucida,Threatened,1993
C057,Thamnophis gigas,Threatened,1993
E086,Etheostoma chienense,Endangered,1993
E078,Etheostoma percnurum,Endangered,1993
E076,Etheostoma sp.,Endangered,1993
E070,Hypomesus transpacificus,Threatened,1993
E04E,Notropis albizonatus,Endangered,1993
E03T,Noturus stanauli,Endangered,1993
E06Z,Oregonichthys crameri,Recovery,1993
F02F,Epioblasma metastriata,Endangered,1993
F02D,Epioblasma othcaloogensis,Endangered,1993
F02Z,Epioblasma torulosa rangiana,Endangered,1993
F02X,Lampsilis altilis,Threatened,1993
F01S,Lampsilis perovalis,Threatened,1993
F02L,Lasmigona decorata,Endangered,1993
F038,Medionidus acutissimus,Threatened,1993
F039,Medionidus parvulus,Endangered,1993
F01D,Pleurobema clava,Endangered,1993
F036,Pleurobema decisum,Endangered,1993
F03A,Pleurobema furvum,Endangered,1993
F03B,Pleurobema georgianum,Endangered,1993
F035,Pleurobema perovatum,Endangered,1993
F037,Ptychobranchus greenii,Endangered,1993
G03R,Pyrgulopsis bruneauensis,Endangered,1993
I0MG,Rhaphiomidas terminatus abdominalis,Endangered,1993
K02J,Cambarus aculabrum,Endangered,1993
K03F,Streptocephalus woottoni,Endangered,1993
Q2MZ,Amaranthus pumilus,Threatened,1993
Q25H,Arenaria paludicola,Endangered,1993
Q1T2,Argyroxiphium kauense,Endangered,1993
Q2YY,Aristida chaseae,Endangered,1993
Q25T,Astragalus applegatei,Endangered,1993
Q07V,Astrophytum asterias,Endangered,1993
Q27C,Clitoria fragrans,Threatened,1993
Q1UP,Conradina brevifolia,Endangered,1993
Q3AG,Conradina etonia,Endangered,1993
Q1UQ,Conradina glabra,Endangered,1993
Q27M,Coryphantha scheeri var. robustispina,Endangered,1993
Q31F,Crotalaria avonensis,Endangered,1993
Q280,Cucurbita okeechobeensis ssp. okeechobeensis,Endangered,1993
Q29N,Eriogonum longifolium var. gnaphalifolium,Threatened,1993
Q1W9,Eryngium aristulatum var. parishii,Endangered,1993
Q1WG,Eutrema penlandii,Threatened,1993
Q2BZ,Jacquemontia reclinata,Endangered,1993
Q34Y,Leptocereus grantianus,Endangered,1993
Q1XY,Lesquerella tumulosa,Endangered,1993
Q35F,Lyonia truncata var. proctorii,Endangered,1993
Q2E9,Nolina brittoniana,Endangered,1993
Q1ZO,Orcuttia californica,Endangered,1993
Q2G0,Pinguicula ionantha,Threatened,1993
Q2GS,Pogogyne nudiuscula,Endangered,1993
Q20Q,Polygala lewtonii,Endangered,1993
Q20S,Polygonella myriophylla,Endangered,1993
Q38L,Rorippa gambellii,Endangered,1993
Q21M,Sidalcea nelsoniana,Threatened,1993
Q3A6,Vernonia proctorii,Endangered,1993
S01O,Adiantum vivesii,Endangered,1993
S01U,Elaphoglossum serpens,Endangered,1993
S01V,Polystichum calderonense,Endangered,1993
S01W,Tectaria estremerana,Endangered,1993
S01Y,Thelypteris inabonensis,Endangered,1993
S01Z,Thelypteris verecunda,Endangered,1993
S020,Thelypteris yaucoensis,Endangered,1993
U000,Cladonia perforata,Endangered,1993
B07C,Charadrius nivosus nivosus,Threatened,1993
E076,Etheostoma akatulo,Endangered,1993
A02P,Eschrichtius robustus,Recovery,1994
A0BY,Perognathus longimembris pacificus,Endangered,1994
B06Z,Accipiter striatus venator,Endangered,1994
B06Y,Buteo platypterus brunnescens,Endangered,1994
D020,Anaxyrus californicus,Endangered,1994
E087,Acipenser transmontanus,Endangered,1994
E089,Etheostoma etowahae,Endangered,1994
E03J,Etheostoma scotti,Threatened,1994
E071,Eucyclogobius newberryi,Endangered,1994
E07I,Hybognathus amarus,Endangered,1994
F01J,Alasmidonta raveneliana,Endangered,1994
G016,Athearnia anthonyi,Endangered,1994
G00D,Helminthoglypta walkeriana,Endangered,1994
G027,Pyrgulopsis ogmorhaphe,Endangered,1994
I02B,Brychius hungerfordi,Endangered,1994
I0MZ,Neonympha mitchellii francisci,Endangered,1994
K03D,Branchinecta conservatio,Endangered,1994
K03E,Branchinecta longiantenna,Endangered,1994
K03G,Branchinecta lynchi,Threatened,1994
K048,Lepidurus packardi,Endangered,1994
Q1SS,Ambrosia cheiranthifolia,Endangered,1994
Q259,Arctostaphylos morroensis,Threatened,1994
Q2Z7,Astragalus albens,Endangered,1994
Q2ZU,Auerodendron pauciflorum,Endangered,1994
Q2XW,Ayenia limitaris,Endangered,1994
Q1TQ,Bonamia menziesii,Endangered,1994
Q1TR,Brighamia insignis,Endangered,1994
Q26L,Calyptranthes thomasiana,Endangered,1994
Q30Y,Chorizanthe pungens var. hartwegiana,Endangered,1994
Q271,Chorizanthe pungens var. pungens,Threatened,1994
Q3A9,Chorizanthe robusta (incl. vars. robusta and hartwegii),Resolved Taxon,1994
Q3IB,Chorizanthe robusta var. hartwegii,Endangered,1994
Q3O7,Chorizanthe robusta var. robusta,Endangered,1994
Q1UG,Cirsium fontinale var. obispoense,Endangered,1994
Q1UJ,Clarkia speciosa ssp. immaculata,Endangered,1994
Q1UL,Clermontia lindseyana,Endangered,1994
Q1UM,Clermontia peleana,Endangered,1994
Q1UN,Clermontia pyrularia,Endangered,1994
Q1UO,Colubrina oppositifolia,Endangered,1994
Q31J,Cyanea asarifolia,Endangered,1994
Q31K,Cyanea copelandii ssp. copelandii,Endangered,1994
Q1V1,Cyanea crispa,Endangered,1994
Q2SR,Cyanea grimesiana ssp. obatae,Endangered,1994
Q2SS,Cyanea hamatiflora ssp. carlsonii,Endangered,1994
Q1V4,Cyanea shipmanii,Endangered,1994
Q286,Cyanea stictophylla,Endangered,1994
Q31W,Cyanea truncata,Endangered,1994
Q35R,Cyperus fauriei,Endangered,1994
Q2Q0,Cyperus pennatiformis,Endangered,1994
Q28B,Cyrtandra crenata,Endangered,1994
Q28C,Cyrtandra giffardii,Endangered,1994
Q326,Cyrtandra limahuliensis,Threatened,1994
Q1V8,Cyrtandra polyantha,Endangered,1994
Q32C,Cyrtandra tintinnabula,Endangered,1994
Q1VA,Delissea rhytidosperma,Endangered,1994
Q29D,Erigeron parishii,Threatened,1994
Q1W5,Eriodictyon altissimum,Endangered,1994
Q1W8,Eriogonum ovalifolium var. vineum,Endangered,1994
Q29X,Erysimum teretifolium,Endangered,1994
Q2A2,Eugenia haematocarpa,Endangered,1994
Q33F,Eugenia koolauensis,Endangered,1994
Q3D7,Eugenia woodburyana,Endangered,1994
Q1U8,Euphorbia deppeana,Endangered,1994
Q2A6,Exocarpos luteolus,Endangered,1994
Q33K,Flueggea neowawraea,Endangered,1994
Q1WR,Gouania vitifolia,Endangered,1994
Q1X7,Hesperomannia arborescens,Endangered,1994
Q1XE,Hibiscus brackenridgei,Endangered,1994
Q1XF,Hibiscus clayi,Endangered,1994
Q2RM,Howellia aquatilis,Threatened,1994
Q34D,Ipomopsis sancti-spiritus,Endangered,1994
Q2BT,Ischaemum byrone,Endangered,1994
Q1XK,Isodendrion pyrifolium,Endangered,1994
Q1WY,Kadua cookiana,Endangered,1994
Q2CD,Lesquerella kingii ssp. bernardina,Endangered,1994
Q1Y0,Lilium occidentale,Endangered,1994
Q1Y4,Lipochaeta fauriei,Endangered,1994
Q2CY,Lipochaeta micrantha,Endangered,1994
Q2D1,Lipochaeta waimeaensis,Endangered,1994
Q1YL,Lobelia oahuensis,Endangered,1994
Q2DG,Lysimachia filifolia,Endangered,1994
Q35V,Melicope adscendens,Endangered,1994
Q1YU,Melicope balloui,Endangered,1994
Q1YY,Melicope haupuensis,Endangered,1994
Q1YZ,Melicope knudsenii,Endangered,1994
Q1Z0,Melicope lydgatei,Endangered,1994
Q1Z7,Melicope ovalis,Endangered,1994
Q1Z8,Melicope pallida,Endangered,1994
Q1ZA,Melicope quadrangularis,Endangered,1994
Q2DQ,Mitracarpus maxwelliae,Endangered,1994
Q2DR,Mitracarpus polycladus,Endangered,1994
Q2Q6,Myrcia paganii,Endangered,1994
Q1ZI,Neraudia sericea,Endangered,1994
Q1ZJ,Nothocestrum breviflorum,Endangered,1994
Q1ZK,Nothocestrum peltatum,Endangered,1994
Q2UX,Ochrosia kilaueaensis,Endangered,1994
Q36L,Oxytheca parishii var. goodmaniana,Endangered,1994
Q202,Peucedanum sandwicense,Threatened,1994
Q378,Phyllostegia waimeae,Endangered,1994
Q37S,Plantago hawaiensis,Endangered,1994
Q20M,Plantago princeps,Endangered,1994
Q2GH,Pleodendron macranthum,Endangered,1994
Q2GL,Poa mannii,Endangered,1994
Q22F,Polyscias gymnocarpa,Endangered,1994
Q1ZG,Polyscias racemosa,Endangered,1994
Q20T,Portulaca sclerocarpa,Endangered,1994
Q38B,Pritchardia maideniana,Endangered,1994
Q20Y,Pteralyxia kauaiensis,Endangered,1994
Q2W0,Schiedea spergulina var. leiopoda,Endangered,1994
Q2W1,Schiedea spergulina var. spergulina,Threatened,1994
Q2IM,Sesbania tomentosa,Endangered,1994
Q2IX,Silene hawaiiensis,Threatened,1994
Q21Q,Solanum incompletum,Endangered,1994
Q21S,Solanum sandwicense,Endangered,1994
Q39H,Spermolepis hawaiiensis,Endangered,1994
Q3AF,Suaeda californica,Endangered,1994
Q226,Tetramolopium arenarium,Endangered,1994
Q227,Tetramolopium capillare,Endangered,1994
Q23R,Vigna o-wahuensis,Endangered,1994
Q246,Zanthoxylum hawaiiense,Endangered,1994
S00M,Adenophorus periens,Endangered,1994
S022,Asplenium dielpallidum,Endangered,1994
S00N,Asplenium fragile insulare,Endangered,1994
S01T,Asplenium unisorum,Endangered,1994
S01I,Ctenitis squamigera,Endangered,1994
S00P,Diellia erecta,Endangered,1994
S00R,Diplazium molokaiense,Endangered,1994
S01L,Huperzia nutans,Endangered,1994
S00W,Pteris lidgatei,Endangered,1994
S00P,Asplenium dielerectum,Endangered,1994
S00N,Asplenium peruvianum var. insulare,Endangered,1994
B094,Empidonax traillii extimus,Endangered,1995
I06P,Somatochlora hineana,Endangered,1995
J014,Microhexura montivaga,Endangered,1995
Q1SY,Arabis perstellata,Endangered,1995
Q1TU,Calochortus tiburonensis,Threatened,1995
Q26R,Castilleja affinis ssp. neglecta,Endangered,1995
Q1U3,Ceanothus ferrisae,Endangered,1995
Q1UH,Cirsium fontinale var. fontinale,Endangered,1995
Q1UI,Clarkia franciscana,Endangered,1995
Q2O8,Cordylanthus tenuis ssp. capillaris,Endangered,1995
Q32V,Dudleya setchellii,Endangered,1995
Q2TK,Eriophyllum latilobum,Endangered,1995
Q2TT,Gesneria pauciflora,Threatened,1995
Q1X6,Hesperolinon congestum,Threatened,1995
Q2F3,Pentachaeta bellidiflora,Endangered,1995
Q222,Streptanthus albidus ssp. albidus,Endangered,1995
Q223,Streptanthus niger,Endangered,1995
U001,Gymnoderma lineare,Endangered,1995
D02D,Rana draytonii,Threatened,1996
E08C,Oncorhynchus clarkii clarkii,Original Data in Error - Taxonomic Revision,1996
E08A,Oncorhynchus (=Salmo) kisutch,Endangered,1996
Q00G,Achyranthes mutica,Endangered,1996
Q01G,Amaranthus brownii,Endangered,1996
Q036,Arctostaphylos glandulosa ssp. crassifolia,Endangered,1996
Q264,Baccharis vanessae,Threatened,1996
Q0AU,Calystegia stebbinsii,Endangered,1996
Q0DK,Ceanothus roderickii,Endangered,1996
Q1U4,Cenchrus agrimonioides,Endangered,1996
Q0EY,Chorizanthe orcuttiana,Endangered,1996
Q0G6,Clermontia drepanomorpha,Endangered,1996
Q3GJ,Cyanea acuminata,Endangered,1996
Q31L,Cyanea dunbarii,Endangered,1996
Q1V2,Cyanea grimesiana ssp. grimesiana,Endangered,1996
Q0IN,Cyanea humboldtiana,Endangered,1996
Q3GP,Cyanea koolauensis,Endangered,1996
Q3GQ,Cyanea longiflora,Endangered,1996
Q285,Cyanea platyphylla,Endangered,1996
Q31V,Cyanea recta,Threatened,1996
Q3GK,Cyanea remyi,Endangered,1996
Q0LV,Cyanea rivularis,Endangered,1996
Q1V5,Cyanea st.-johnii,Endangered,1996
Q321,Cyperus trachysanthos,Endangered,1996
Q322,Cyrtandra cyaneoides,Endangered,1996
Q0JV,Cyrtandra dentata,Endangered,1996
Q1V9,Cyrtandra subumbellata,Endangered,1996
Q32D,Cyrtandra viridiflora,Endangered,1996
Q1VB,Delissea subcordata,Endangered,1996
Q0LX,Delissea undulata,Endangered,1996
Q0PH,Eragrostis fosbergii,Endangered,1996
Q0UD,Euphorbia haeleeleana,Endangered,1996
Q3GN,Euphorbia herbstii,Endangered,1996
Q3GO,Euphorbia rockii,Endangered,1996
Q0V1,Fremontodendron californicum ssp. decumbens,Endangered,1996
Q0VG,Galium californicum ssp. sierrae,Endangered,1996
Q3GR,Gardenia mannii,Endangered,1996
Q0ZE,Hibiscadelphus giffardianus,Endangered,1996
Q0ZF,Hibiscadelphus hualalaiensis,Endangered,1996
Q3GL,Hibiscadelphus woodii,Endangered,1996
Q1XG,Hibiscus waimeae ssp. hannerae,Endangered,1996
Q108,Isodendrion laurifolium,Endangered,1996
Q109,Isodendrion longifolium,Threatened,1996
Q1XR,Kokia kauaiensis,Endangered,1996
Q2C2,Labordia cyrtandrae,Endangered,1996
Q3GM,Labordia tinifolia var. wahiawaensis,Endangered,1996
Q12Y,Lepidium arbuscula,Endangered,1996
Q13H,Lesquerella perforata,Endangered,1996
Q14Y,Lobelia koolauensis,Endangered,1996
Q2D2,Lobelia monostachya,Endangered,1996
Q35K,Lysimachia maxima,Endangered,1996
Q17M,Melicope saint-johnii,Endangered,1996
Q1ZC,Melicope zahlbruckneri,Endangered,1996
Q36D,Myrsine juddii,Endangered,1996
Q193,Myrsine linearifolia,Threatened,1996
Q19L,Neraudia ovata,Endangered,1996
Q1BJ,Panicum niihauense,Endangered,1996
Q1H1,Phyllostegia hirsuta,Endangered,1996
Q3GS,Phyllostegia kaalaensis,Endangered,1996
Q1H2,Phyllostegia knudsenii,Endangered,1996
Q1H5,Phyllostegia parviflora,Endangered,1996
Q37A,Phyllostegia racemosa,Endangered,1996
Q37B,Phyllostegia velutina,Endangered,1996
Q37C,Phyllostegia warshaueri,Endangered,1996
Q37E,Phyllostegia wawrana,Endangered,1996
Q2GE,Platanthera holochila,Endangered,1996
Q37X,Pleomele hawaiiensis,Endangered,1996
Q1JK,Pritchardia aylmer-robinsonii,Endangered,1996
Q2VM,Pritchardia kaalae,Endangered,1996
Q38D,Pritchardia napaliensis,Endangered,1996
Q1JS,Pritchardia remota,Endangered,1996
Q2VN,Pritchardia schattaueri,Endangered,1996
Q38E,Pritchardia viscosa,Endangered,1996
Q1MF,Sanicula purpurea,Endangered,1996
Q2VX,Schiedea helleri,Endangered,1996
Q1MV,Schiedea hookeri,Endangered,1996
Q38U,Schiedea kauaiensis,Endangered,1996
Q1MW,Schiedea kealiae,Endangered,1996
Q2YL,Schiedea lychnoides,Endangered,1996
Q1MY,Schiedea membranacea,Endangered,1996
Q38V,Schiedea nuttallii,Endangered,1996
Q1N2,Schiedea sarmentosa,Endangered,1996
Q2W2,Schiedea stellarioides,Endangered,1996
Q1N3,Schiedea verticillata,Endangered,1996
Q2X3,Schiedea viscosa,Endangered,1996
Q1O2,Senecio layneae,Threatened,1996
Q393,Sicyos albus,Endangered,1996
Q3A0,Trematolobelia singularis,Endangered,1996
Q3GB,Verbesina dissita,Threatened,1996
Q23U,Viola kauaiensis var. wahiawaensis,Endangered,1996
Q23W,Viola oahuensis,Endangered,1996
Q3A7,Zanthoxylum dipetalum var. tomentosum,Endangered,1996
Q31L,Cyanea dunbariae,Endangered,1996
B08N,Glaucidium brasilianum cactorum,Original Data in Error - Erroneous Data,1997
B090,Polysticta stelleri,Threatened,1997
C048,Clemmys muhlenbergii,Threatened,1997
C048,Clemmys muhlenbergii,Similarity of Appearance to a Threatened Taxon,1997
C04A,Masticophis lateralis euryxanthus,Threatened,1997
C03X,Nerodia erythrogaster neglecta,Threatened,1997
D01H,Ambystoma tigrinum stebbinsi,Endangered,1997
D00X,Eleutherodactylus cooki,Threatened,1997
D010,Eurycea sosorum,Endangered,1997
E08A,Oncorhynchus (=Salmo) kisutch,Threatened,1997
F01K,Alasmidonta atropurpurea,Endangered,1997
F01F,Epioblasma brevidens,Endangered,1997
F01T,Epioblasma capsaeformis,Endangered,1997
F00V,Quadrula cylindrica strigillata,Endangered,1997
F001,Villosa perpurpurea,Endangered,1997
I00P,Euphydryas editha quino (=E. e. wrighti),Endangered,1997
I0MH,Heterelmis comalensis,Endangered,1997
I0OV,Polyphylla barbata,Endangered,1997
I0LW,Pyrgus ruralis lagunae,Endangered,1997
I019,Speyeria callippe callippe,Endangered,1997
I031,Speyeria zerene behrensii,Endangered,1997
I0MI,Stygoparnus comalensis,Endangered,1997
I0OY,Trimerotropis infantilis,Endangered,1997
K049,Branchinecta sandiegonensis,Endangered,1997
K019,Stygobromus (=Stygonectes) pecki,Endangered,1997
Q01F,Alopecurus aequalis var. sonomensis,Endangered,1997
Q02U,Arabis hoffmannii,Endangered,1997
Q037,Arctostaphylos confertiflora,Endangered,1997
Q05E,Astragalus brauntonii,Endangered,1997
Q05J,Astragalus clarianus,Endangered,1997
Q08H,Berberis pinnata ssp. insularis,Endangered,1997
Q0BL,Carex albida,Endangered,1997
Q0CG,Castilleja campestris ssp. succulenta,Threatened,1997
Q26U,Castilleja levisecta,Threatened,1997
Q0D1,Castilleja mollis,Endangered,1997
Q0DQ,Cercocarpus traskiae,Endangered,1997
Q0E9,Chamaesyce hooveri,Threatened,1997
Q0FC,Cirsium hydrophilum var. hydrophilum,Endangered,1997
Q0FO,Clarkia imbricata,Endangered,1997
Q27F,Cordia bellonis,Endangered,1997
Q0GT,Cordylanthus mollis ssp. mollis,Endangered,1997
Q0O7,Dudleya abramsii ssp. parva,Threatened,1997
Q0OC,Dudleya cymosa ssp. marcescens,Threatened,1997
Q3AK,Dudleya cymosa ssp. ovatifolia,Threatened,1997
Q0OF,Dudleya nesiotica,Threatened,1997
Q2OM,Dudleya verityi,Threatened,1997
Q0VF,Galium buxifolium,Endangered,1997
Q0WC,Gilia tenuiflora ssp. hoffmannii,Endangered,1997
Q0YA,Helianthemum greenei,Threatened,1997
Q2B4,Helianthus eggertii,Recovery,1997
Q34N,Juglans jamaicensis,Endangered,1997
Q122,Lasthenia conjugens,Endangered,1997
Q3AI,Lessingia germanorum (=L.g. var. germanorum),Endangered,1997
Q2PK,Lilaeopsis schaffneriana var. recurva,Endangered,1997
Q141,Lilium pardalinum ssp. pitkinense,Endangered,1997
Q14U,Lithophragma maximum,Endangered,1997
Q16R,Malacothamnus fasciculatus var. nesioticus,Endangered,1997
Q35Q,Malacothrix indecora,Endangered,1997
Q3EK,Malacothrix squalida,Endangered,1997
Q19A,Navarretia leucocephala ssp. pauciflora (=N. pauciflora),Endangered,1997
Q19B,Navarretia leucocephala ssp. plieantha,Endangered,1997
Q19I,Neostapfia colusana,Threatened,1997
Q1ZP,Orcuttia inaequalis,Threatened,1997
Q1AY,Orcuttia pilosa,Endangered,1997
Q1AZ,Orcuttia tenuis,Threatened,1997
Q1ZQ,Orcuttia viscida,Endangered,1997
Q1C2,Parvisedum leiocarpum,Endangered,1997
Q1EA,Pentachaeta lyonii,Endangered,1997
Q1FV,Phacelia insularis ssp. insularis,Endangered,1997
Q1HV,Plagiobothrys strictus,Endangered,1997
Q1ID,Poa napensis,Endangered,1997
Q1K2,Pseudobahia bahiifolia,Endangered,1997
Q1K3,Pseudobahia peirsonii,Threatened,1997
Q1OF,Sibara filifolia,Endangered,1997
Q1OU,Sidalcea oregana ssp. valida,Endangered,1997
Q3FS,Spiranthes delitescens,Endangered,1997
Q2KH,Thysanocarpus conchuliferus,Endangered,1997
Q238,Trifolium amoenum,Endangered,1997
Q23K,Tuctoria greenei,Endangered,1997
A00E,Canis lupus baileyi,"Experimental Population, Non-Essential",1998
A0G8,Dipodomys merriami parvus,Endangered,1998
A0DR,Ovis canadensis nelsoni,Endangered,1998
A0CB,Peromyscus polionotus peninsularis,Endangered,1998
A0C2,Zapus hudsonius preblei,Threatened,1998
E05X,Notropis girardi,Threatened,1998
E07R,Notropis topeka (=tristis),Endangered,1998
E08D,Oncorhynchus (=Salmo) mykiss,Threatened,1998
E08D,Oncorhynchus (=Salmo) mykiss,Endangered,1998
E065,Salvelinus confluentus,Threatened,1998
F032,Amblema neislerii,Endangered,1998
F03O,Elliptio chipolaensis,Threatened,1998
F02E,Elliptoideus sloatianus,Threatened,1998
F02Y,Lampsilis subangulata,Endangered,1998
F03M,Medionidus penicillatus,Endangered,1998
F03N,Medionidus simpsonianus,Endangered,1998
F02S,Pleurobema pyriforme,Endangered,1998
G063,Elimia crenatella,Threatened,1998
G08D,Leptoxis ampla,Threatened,1998
G08C,Leptoxis plicata,Endangered,1998
G08B,Leptoxis taeniata,Threatened,1998
G07F,Lepyrium showalteri,Endangered,1998
G072,Lioplax cyclostomaformis,Endangered,1998
K021,Gammarus acherondytes,Endangered,1998
Q00E,Acanthomintha ilicifolia,Threatened,1998
Q2X0,Allium munzii,Endangered,1998
Q03I,Arctostaphylos pallida,Threatened,1998
Q03Z,Arenaria ursina,Threatened,1998
Q064,Astragalus jaegerianus,Endangered,1998
Q25Y,Astragalus lentiginosus var. coachellae,Endangered,1998
Q25Z,Astragalus lentiginosus var. piscinensis,Threatened,1998
Q2ND,Astragalus magdalenae var. peirsonii,Threatened,1998
Q07J,Astragalus tener var. titi,Endangered,1998
Q2ZO,Astragalus tricarinatus,Endangered,1998
Q2ZR,Atriplex coronata var. notatior,Endangered,1998
Q08G,Berberis nevinii,Endangered,1998
Q09H,Brodiaea filifolia,Threatened,1998
Q09J,Brodiaea pallida,Threatened,1998
Q0AS,Calyptridium pulchellum,Threatened,1998
Q0CL,Castilleja cinerea,Threatened,1998
Q3AH,Ceanothus ophiochilus,Threatened,1998
Q2O6,Clarkia springvillensis,Threatened,1998
Q0YQ,Deinandra (=Hemizonia) conjugens,Threatened,1998
Q0OH,Dudleya stolonifera,Threatened,1998
Q0S7,Eriogonum kennedyi var. austromontanum,Threatened,1998
Q2OZ,Fremontodendron mexicanum,Endangered,1998
Q3AL,Halophila johnsonii,Threatened,1998
Q2P9,Helenium virginicum,Threatened,1998
Q18M,Monardella viminea,Endangered,1998
Q2E7,Navarretia fossalis,Threatened,1998
Q2QB,Pediocactus winkleri,Threatened,1998
Q3FA,Piperia yadonii,Endangered,1998
Q1I9,Poa atropurpurea,Endangered,1998
Q1J8,Potentilla hickmanii,Endangered,1998
Q1SB,Taraxacum californicum,Endangered,1998
Q237,Trichostema austromontanum ssp. compactum,Threatened,1998
Q23C,Trifolium trichocalyx,Endangered,1998
Q2LO,Verbena californica,Threatened,1998
R00A,Cupressus goveniana ssp. goveniana,Threatened,1998
Q237,Trichostema austromontanum ssp. compactum,Recovery,1998
A0DS,Ovis canadensis sierrae,Endangered,1999
C04P,Nerodia sipedon insularum,Recovery,1999
D013,Ambystoma cingulatum,Threatened,1999
E03V,Dionda diaboli,Threatened,1999
E09Q,Oncorhynchus keta,Threatened,1999
E08D,Oncorhynchus (=Salmo) mykiss,Threatened,1999
E06Y,Oncorhynchus (=Salmo) nerka,Threatened,1999
E06D,Oncorhynchus (=Salmo) tshawytscha,Threatened,1999
E06D,Oncorhynchus (=Salmo) tshawytscha,Endangered,1999
Q03G,Arctostaphylos myrtifolia,Threatened,1999
Q05R,Astragalus desereticus,Threatened,1999
Q30M,Catesbaea melanocarpa,Endangered,1999
Q3H1,Clermontia samuelii,Endangered,1999
Q3GV,Cyanea copelandii ssp. haleakalaensis,Endangered,1999
Q31M,Cyanea glabra,Endangered,1999
Q3GW,Cyanea hamatiflora ssp. hamatiflora,Endangered,1999
Q32Q,Dubautia plantaginea ssp. humilis,Endangered,1999
Q0QW,Eriogonum apricum (incl. var. prostratum),Endangered,1999
Q0V6,Fritillaria gentneri,Endangered,1999
Q33Y,Hedyotis schlechtendahliana var. remyi,Endangered,1999
Q0YJ,Helianthus paradoxus,Threatened,1999
Q3GX,Kanaloa kahoolawensis,Endangered,1999
Q2C4,Labordia tinifolia var. lanaiensis,Endangered,1999
Q11Y,Labordia triflora,Endangered,1999
Q13L,Lesquerella thamnophila,Endangered,1999
Q1Z4,Melicope munroi,Endangered,1999
Q1OT,Sidalcea oregana var. calva,Endangered,1999
Q2K9,Thelypodium howellii spectabilis,Threatened,1999
Q33Y,Kadua cordata remyi,Endangered,1999
A073,Lynx canadensis,Threatened,2000
A0FC,Neotoma fuscipes riparia,Endangered,2000
A0DN,Sylvilagus bachmani riparius,Endangered,2000
A0EK,Urocitellus brunneus,Threatened,2000
B0AL,Chasiempis sandwichensis ibidis,Endangered,2000
D01T,Ambystoma californiense,Endangered,2000
E07W,Catostomus santaanae,Threatened,2000
E08D,Oncorhynchus (=Salmo) mykiss,Threatened,2000
E07L,Salmo salar,Resolved Taxon,2000
E026,Scaphirhynchus suttkusi,Endangered,2000
G098,Campeloma decampi,Endangered,2000
G0C0,Erinna newcombi,Threatened,2000
G03B,Pyrgulopsis (=Marstonia) pachyta,Endangered,2000
I0PT,Batrisodes venyivi,Endangered,2000
I0IS,Icaricia icarioides fenderi,Endangered,2000
I0AL,Manduca blackburni,Endangered,2000
I0RF,Rhadine exilis,Endangered,2000
I0P1,Rhadine infernalis,Endangered,2000
J000,Adelocosa anops,Endangered,2000
J01A,Cicurina baronia,Endangered,2000
J019,Cicurina madla,Endangered,2000
J01D,Cicurina venii,Endangered,2000
J01B,Cicurina vespera,Endangered,2000
J018,Neoleptoneta microps,Endangered,2000
J016,Texella cokendolpheri,Endangered,2000
K022,Spelaeorchestia koloana,Endangered,2000
Q0ET,Chlorogalum purpureum,Threatened,2000
Q0FE,Cirsium loncholepis,Endangered,2000
Q340,Deinandra increscens ssp. villosa,Endangered,2000
Q0LZ,Delphinium bakeri,Endangered,2000
Q0M2,Delphinium luteum,Endangered,2000
Q2TF,Erigeron decumbens,Endangered,2000
Q0QR,Eriodictyon capitatum,Endangered,2000
Q0VV,Gaura neomexicana var. coloradensis,Threatened,2000
Q0ZL,Holocarpha macradenia,Threatened,2000
Q161,Lupinus nipomensis,Endangered,2000
Q35E,Lupinus sulphureus ssp. kincaidii,Threatened,2000
Q1GG,Phlox hirsuta,Endangered,2000
Q1HU,Plagiobothrys hirtus,Endangered,2000
Q1OS,Sidalcea keckii,Endangered,2000
Q2KF,Thlaspi californicum,Endangered,2000
B0AL,Chasiempis ibidis,Endangered,2000
A0GG,Brachylagus idahoensis,Endangered,2001
D031,Rana sevosa,Endangered,2001
E098,Etheostoma chermocki,Endangered,2001
F00W,Leptodea leptodon,Endangered,2001
I0OW,Cicindela ohlone,Endangered,2001
I0RG,Pseudocopaeodes eunus obscurus,Endangered,2001
Q2ZA,Astragalus ampullarioides,Endangered,2001
Q2NC,Astragalus holmgreniorum,Endangered,2001
Q076,Astragalus pycnostachyus var. lanosissimus,Endangered,2001
Q1P9,Silene spaldingii,Threatened,2001
A0DV,Sorex ornatus relictus,Endangered,2002
D01T,Ambystoma californiense,Endangered,2002
D02F,Rana chiricahuensis,Threatened,2002
D02H,Rana muscosa,Endangered,2002
G04I,Antrobia culveri,Endangered,2002
Q01H,Ambrosia pumila,Endangered,2002
Q3HD,Carex lutea,Endangered,2002
Q0XA,Hackelia venusta,Endangered,2002
Q2CL,Limnanthes floccosa ssp. grandiflora,Endangered,2002
Q356,Lomatium cookii,Endangered,2002
Q3GI,Yermo xanthocephalus,Threatened,2002
Q2CL,Limnanthes pumila grandiflora,Endangered,2002
A002,Odocoileus virginianus leucurus,Recovery,2003
Q3HV,Polygonum hickmanii,Endangered,2003
A08K,Urocyon littoralis catalinae,Endangered,2004
A08I,Urocyon littoralis littoralis,Endangered,2004
A08L,Urocyon littoralis santacruzae,Endangered,2004
A08M,Urocyon littoralis santarosae,Endangered,2004
B065,Zosterops rotensis,Endangered,2004
D01T,Ambystoma californiense,Threatened,2004
Q3GY,Nesogenes rotensis,Endangered,2004
Q3GZ,Osmoxylon mariannense,Endangered,2004
A08K,Urocyon littoralis catalinae,Threatened,2004
A08I,Urocyon littoralis littoralis,Recovery,2004
A08L,Urocyon littoralis santacruzae,Recovery,2004
A08M,Urocyon littoralis santarosae,Recovery,2004
A0HK,Enhydra lutris kenyoni,Threatened,2005
E02P,Gila intermedia,Endangered,2005
E08A,Oncorhynchus (=Salmo) kisutch,Threatened,2005
E0A9,Pristis pectinata,Endangered,2005
G03K,Assiminea pecos,Endangered,2005
G0C8,Haliotis sorenseni,Endangered,2005
G04C,Juturnia kosteri,Endangered,2005
G03T,Pyrgulopsis roswellensis,Endangered,2005
I0QR,Cicindela nevadica lincolniana,Endangered,2005
K023,Gammarus desperatus,Endangered,2005
A0IL,Orcinus orca,Endangered,2006
E09K,Acipenser medirostris,Threatened,2006
I0QW,Drosophila aglaia,Endangered,2006
I0RE,Drosophila differens,Endangered,2006
I0RC,Drosophila hemipeza,Endangered,2006
I0QZ,Drosophila heteroneura,Endangered,2006
I0R0,Drosophila montgomeryi,Endangered,2006
I0R1,Drosophila mulli,Threatened,2006
I0R2,Drosophila musaphilia,Endangered,2006
I0R3,Drosophila neoclavisetae,Endangered,2006
I0R4,Drosophila obatai,Endangered,2006
I0RD,Drosophila ochrobasis,Endangered,2006
I0R5,Drosophila substenoptera,Endangered,2006
I0R6,Drosophila tarphytrichia,Endangered,2006
P000,Acropora cervicornis,Threatened,2006
P001,Acropora palmata,Threatened,2006
E08D,Oncorhynchus (=Salmo) mykiss,Threatened,2007
A0IJ,Ursus maritimus,Threatened,2008
B008,Haliaeetus leucocephalus,Resolved Taxon,2008
D042,Ambystoma bishopi,Endangered,2009
E07L,Salmo salar,Resolved Taxon,2009
E07L,Salmo salar,Endangered,2009
Q3H5,Phyllostegia hispida,Endangered,2009
Q3KI,Sclerocactus brevispinus,Threatened,2009
Q3N6,Sclerocactus wetlandicus,Threatened,2009
B0AF,Loxops caeruleirostris,Endangered,2010
B0AI,Oreomystis bairdi,Endangered,2010
E0BD,Scaphirhynchus platorynchus,Similarity of Appearance to a Threatened Taxon,2010
F03Z,Pleurobema hanleyianum,Endangered,2010
G0C2,Leptoxis foremani,Endangered,2010
G06V,Pleurocera foremani,Endangered,2010
I0QX,Drosophila sharpi,Endangered,2010
I05X,Megalagrion nesiotes,Endangered,2010
I064,Megalagrion pacificum,Endangered,2010
Q3GT,Astelia waialealae,Endangered,2010
Q1TY,Canavalia napaliensis,Endangered,2010
Q0EF,Charpentiera densiflora,Endangered,2010
Q3MS,Cyanea dolichopoda,Endangered,2010
Q3HA,Cyanea eleeleensis,Endangered,2010
Q3MT,Cyanea kolekoleensis,Endangered,2010
Q3H2,Cyanea kuhihewa,Endangered,2010
Q0KX,Cyrtandra oenobarba,Endangered,2010
Q3MU,Cyrtandra paliku,Endangered,2010
Q32N,Dubautia imbricata imbricata,Endangered,2010
Q3MV,Dubautia kalalauensis,Endangered,2010
Q3MW,Dubautia kenwoodii,Endangered,2010
Q3H3,Dubautia plantaginea magnifolia,Endangered,2010
Q0O6,Dubautia waialealae,Endangered,2010
Q3HH,Euphorbia eleanoriae,Endangered,2010
Q1UC,Euphorbia remyi var. kauaiensis,Endangered,2010
Q1UD,Euphorbia remyi var. remyi,Endangered,2010
Q33O,Geranium kauaiense,Endangered,2010
Q3HP,Keysseria (=Lagenifera) erici,Endangered,2010
Q3HQ,Keysseria (=Lagenifera) helenae,Endangered,2010
Q34Q,Labordia helleri,Endangered,2010
Q34R,Labordia pumila,Endangered,2010
Q35G,Lysimachia daphnoides,Endangered,2010
Q3MX,Lysimachia iniki,Endangered,2010
Q3MY,Lysimachia pendens,Endangered,2010
Q3MZ,Lysimachia scopulensis,Endangered,2010
Q3H4,Lysimachia venosa,Endangered,2010
Q1YX,Melicope degeneri,Endangered,2010
Q1Z9,Melicope paniculata,Endangered,2010
Q35Y,Melicope puberula,Endangered,2010
Q3N0,Myrsine knudsenii,Endangered,2010
Q2E5,Myrsine mezii,Endangered,2010
Q3N1,Phyllostegia renovans,Endangered,2010
Q37I,Pittosporum napaliense,Endangered,2010
Q37W,Platydesma rostrata,Endangered,2010
Q22G,Polyscias bisattenuata,Endangered,2010
Q3N2,Polyscias flynnii,Endangered,2010
Q38C,Pritchardia hardyi,Endangered,2010
Q1KB,Psychotria grandiflora,Endangered,2010
Q38F,Psychotria hobdyi,Endangered,2010
Q3H7,Schiedea attenuata,Endangered,2010
Q3H8,Stenogyne kealiae,Endangered,2010
S007,Asplenium dielmannii,Endangered,2010
S02H,Doryopteris angelica,Endangered,2010
S02I,Dryopteris crinalis var. podosorus,Endangered,2010
A0K5,Delphinapterus leucas,Endangered,2011
A0K4,Phoca largha,Threatened,2011
D032,Cryptobranchus alleganiensis bishopi,Endangered,2011
E0AR,Chrosomus saylori,Endangered,2011
E01E,Etheostoma moorei,Endangered,2011
E0AB,Etheostoma phytophilum,Endangered,2011
E05R,Etheostoma susanae,Endangered,2011
E07F,Noturus crypticus,Endangered,2011
E08A,Oncorhynchus (=Salmo) kisutch,Threatened,2011
E0BI,Sebastes paucispinis,Endangered,2011
E0BK,Sebastes pinniger,Threatened,2011
E0BM,Sebastes ruberrimus,Threatened,2011
E0BJ,Thaleichthys pacificus,Threatened,2011
F026,Elliptio spinosa,Endangered,2011
G0FU,Haliotis cracherodii,Endangered,2011
I0TG,Dinacoma caseyi,Endangered,2011
Q2U7,Ipomopsis polyantha,Endangered,2011
Q36W,Penstemon debilis,Threatened,2011
Q1G6,Phacelia submutica,Threatened,2011
A0KX,Pseudorca crassidens,Endangered,2012
D03V,Eleutherodactylus juanariveroi,Endangered,2012
E0A7,Acipenser oxyrinchus oxyrinchus,Resolved Taxon,2012
E0A7,Acipenser oxyrinchus oxyrinchus,Threatened,2012
E0A7,Acipenser oxyrinchus oxyrinchus,Endangered,2012
F00X,Cumberlandia monodonta,Endangered,2012
F03J,Epioblasma triquetra,Endangered,2012
F03W,Fusconaia burkei,Threatened,2012
F02T,Fusconaia escambia,Threatened,2012
F02G,Fusconaia rotulata,Endangered,2012
F030,Hamiota australis,Threatened,2012
F01W,Margaritifera marrianae,Endangered,2012
F046,Plethobasus cyphyus,Endangered,2012
F03V,Pleurobema strodeanum,Threatened,2012
F02N,Ptychobranchus jonesi,Endangered,2012
F01B,Villosa choctawensis,Endangered,2012
F01A,Villosa fabalis,Endangered,2012
G05E,Pyrgulopsis bernardina,Threatened,2012
G03S,Pyrgulopsis chupaderae,Endangered,2012
G051,Pyrgulopsis trivialis,Endangered,2012
I0W6,Cyclargus ammon,Similarity of Appearance to a Threatened Taxon,2012
I02Q,Cyclargus (=Hemiargus) thomasi bethunebakeri,Endangered,2012
I0W5,Hemiargus ceraunus antibubastus,Similarity of Appearance to a Threatened Taxon,2012
I0W4,Leptotes cassius theonus,Similarity of Appearance to a Threatened Taxon,2012
I05V,Megalagrion leptodemas,Endangered,2012
I05U,Megalagrion nigrohamatum nigrolineatum,Endangered,2012
I062,Megalagrion oceanicum,Endangered,2012
Q25C,Arctostaphylos franciscana,Endangered,2012
Q3HE,Bidens amplectens,Endangered,2012
Q1LP,Cyanea calycina,Endangered,2012
Q0IP,Cyanea lanceolata,Endangered,2012
Q1LR,Cyanea purpurellifolia,Endangered,2012
Q28D,Cyrtandra gracilis,Endangered,2012
Q0KJ,Cyrtandra kaulantha,Endangered,2012
Q32B,Cyrtandra sessilis,Endangered,2012
Q0LK,Cyrtandra waiolani,Endangered,2012
Q34P,Korthalsella degeneri,Endangered,2012
Q1YV,Melicope christophersenii,Endangered,2012
Q2DJ,Melicope hiiakae,Endangered,2012
Q1Z2,Melicope makahae,Endangered,2012
Q37U,Platydesma cornuta cornuta,Endangered,2012
Q37V,Platydesma cornuta decurrens,Endangered,2012
Q2GJ,Pleomele forbesii,Endangered,2012
Q22R,Polyscias lydgatei,Endangered,2012
Q3H6,Psychotria hexandra ssp. oahuensis,Endangered,2012
Q1KE,Pteralyxia macrocarpa,Endangered,2012
Q3H9,Zanthoxylum oahuense,Endangered,2012
S028,Doryopteris takeuchii,Endangered,2012
A0KM,Erignathus barbatus nauticus,Resolved Taxon,2013
A0KM,Erignathus barbatus nauticus,Threatened,2013
A0JB,Eumops floridanus,Endangered,2013
A0KL,Phoca (=Pusa) hispida botnica,Threatened,2013
A0KJ,Phoca (=Pusa) hispida hispida,Threatened,2013
A0KI,Phoca (=Pusa) hispida ladogensis,Endangered,2013
A0KK,Phoca (=Pusa) hispida ochotensis,Threatened,2013
B0B3,Eremophila alpestris strigata,Threatened,2013
D02T,Eurycea tonkawae,Threatened,2013
D033,Eurycea waterlooensis,Endangered,2013
D019,Plethodon neomexicanus,Endangered,2013
E0AC,Cottus specus,Endangered,2013
E014,Crystallaria cincotta,Endangered,2013
E05B,Elassoma alabamae,Threatened,2013
F00F,Lampsilis rafinesqueana,Endangered,2013
F01Y,Pleuronaia dolabelloides,Endangered,2013
F041,Ptychobranchus subtentum,Endangered,2013
F03X,Quadrula cylindrica cylindrica,Threatened,2013
G09U,Newcombia cumingi,Endangered,2013
G0AG,Partulina semicarinata,Endangered,2013
G0AH,Partulina variabilis,Endangered,2013
G04W,Pseudotryonia adamantina,Endangered,2013
G00X,Pyrgulopsis texana,Endangered,2013
G013,Tryonia cheatumi,Endangered,2013
G05D,Tryonia circumstriata (=stocktonensis),Endangered,2013
I0QY,Drosophila digressa,Endangered,2013
I0T6,Euphydryas editha taylori,Endangered,2013
I0TX,Icaricia (Plebejus) shasta charlestonensis,Endangered,2013
K020,Gammarus hyalleloides,Endangered,2013
K024,Gammarus pecos,Endangered,2013
K03C,Vetericaris chaceorum,Endangered,2013
Q2S3,Bidens campylotheca pentamera,Endangered,2013
Q269,Bidens campylotheca waihoiensis,Endangered,2013
Q08M,Bidens conjuncta,Endangered,2013
Q3OA,Bidens hillebrandiana ssp. hillebrandiana,Endangered,2013
Q2XY,Bidens micrantha ctenophylla,Endangered,2013
Q3HF,Calamagrostis hillebrandii,Endangered,2013
Q0BB,Canavalia pubescens,Endangered,2013
Q3HJ,Chromolaena frustrata,Endangered,2013
Q3HT,Consolea corallicola,Endangered,2013
Q1V0,Cyanea asplenifolia,Endangered,2013
Q3NS,Cyanea duvalliorum,Endangered,2013
Q3NT,Cyanea horrida,Endangered,2013
Q0IO,Cyanea kunthiana,Endangered,2013
Q3NU,Cyanea magnicalyx,Endangered,2013
Q3NV,Cyanea maritae,Endangered,2013
Q0IS,Cyanea marksii,Endangered,2013
Q3NW,Cyanea mauiensis,Endangered,2013
Q3NX,Cyanea munroi,Endangered,2013
Q31Q,Cyanea obtusa,Endangered,2013
Q31T,Cyanea profuga,Endangered,2013
Q0IV,Cyanea solanacea,Endangered,2013
Q0IX,Cyanea tritomantha,Endangered,2013
Q3NY,Cyrtandra ferripilosa,Endangered,2013
Q2SY,Cyrtandra filipes,Endangered,2013
Q3OB,Cyrtandra nanawaleensis,Endangered,2013
Q32A,Cyrtandra oxybapha,Endangered,2013
Q3OC,Cyrtandra wagneri,Endangered,2013
Q0OU,Echinomastus erectocentrus var. acunensis,Endangered,2013
Q3HN,Eriogonum codium,Threatened,2013
Q3O5,Festuca molokaiensis,Endangered,2013
Q3HM,Geranium hanaense,Endangered,2013
Q3DB,Geranium hillebrandii,Endangered,2013
Q0DR,Harrisia (=Cereus) aboriginum (=gracilis),Endangered,2013
Q0ZH,Hibiscus dasycalyx,Threatened,2013
Q34U,Leavenworthia texana,Endangered,2013
Q3NZ,Mucuna sloanei persericea,Endangered,2013
Q36E,Myrsine vaccinioides,Endangered,2013
Q1C9,Pediocactus peeblesianus fickeiseniae,Endangered,2013
Q201,Peperomia subpetiolata,Endangered,2013
Q37F,Phyllostegia bracteata,Endangered,2013
Q1GZ,Phyllostegia floribunda,Endangered,2013
Q3O0,Phyllostegia haliakalae,Endangered,2013
Q3O1,Phyllostegia pilosa,Endangered,2013
Q3HR,Physaria douglasii ssp. tuplashensis,Threatened,2013
Q2G8,Pittosporum halophilum,Endangered,2013
Q2G9,Pittosporum hawaiiense,Endangered,2013
Q1I5,Platydesma remyi,Endangered,2013
Q3HU,Pleomele fernaldii,Endangered,2013
Q1JR,Pritchardia lanigera,Endangered,2013
Q3OE,Schiedea diffusa ssp. macraei,Endangered,2013
Q1MU,Schiedea hawaiiensis,Endangered,2013
Q3O2,Schiedea jacobii,Endangered,2013
Q3O3,Schiedea laui,Endangered,2013
Q21G,Schiedea salicaria,Endangered,2013
Q3LJ,Sphaeralcea gierischii,Endangered,2013
Q39M,Stenogyne cranwelliae,Endangered,2013
Q3O4,Stenogyne kauaulaensis,Endangered,2013
Q244,Wikstroemia villosa,Endangered,2013
A0CP,Thomomys mazama glacialis,Threatened,2014
A0IE,Thomomys mazama pugetensis,Threatened,2014
A0IF,Thomomys mazama tumuli,Threatened,2014
A0IG,Thomomys mazama yelmensis,Threatened,2014
A0BX,Zapus hudsonius luteus,Endangered,2014
B0B0,Centrocercus minimus,Threatened,2014
B06R,Coccyzus americanus,Threatened,2014
B0AZ,Tympanuchus pallidicinctus,Threatened,2014
C04Q,Thamnophis eques megalops,Threatened,2014
C051,Thamnophis rufipunctatus,Threatened,2014
D02K,Anaxyrus canorus,Threatened,2014
D02X,Eurycea chisholmensis,Threatened,2014
D02S,Eurycea naufragia,Threatened,2014
D02H,Rana muscosa,Endangered,2014
D02H,Rana muscosa,Resolved Taxon,2014
D02A,Rana pretiosa,Threatened,2014
D04M,Rana sierrae,Endangered,2014
E0D5,Acipenser mikadoi,Endangered,2014
E0CH,Acipenser naccarii,Endangered,2014
E0CI,Acipenser sinensis,Endangered,2014
E0CJ,Acipenser sturio,Endangered,2014
E063,Catostomus discobolus yarrowi,Endangered,2014
E0CK,Huso dauricus,Endangered,2014
E05Z,Notropis buccula,Endangered,2014
E04K,Notropis oxyrhynchus,Endangered,2014
E0CG,Pristis pristis,Endangered,2014
E0CL,Sphyrna lewini,Endangered,2014
E0CL,Sphyrna lewini,Threatened,2014
I087,Anaea troglodyta floridalis,Endangered,2014
I011,Hesperia dacotae,Threatened,2014
I0W1,Oarisma poweshiek,Endangered,2014
I07G,Strymon acis bartrami,Endangered,2014
P00O,Acropora globiceps,Threatened,2014
P00B,Acropora jacquelinae,Threatened,2014
P00C,Acropora lokani,Threatened,2014
P00U,Acropora pharaonis,Threatened,2014
P00W,Acropora retusa,Threatened,2014
P00D,Acropora rudis,Threatened,2014
P00X,Acropora speciosa,Threatened,2014
P00Z,Acropora tenella,Threatened,2014
P00E,Anacropora spinosa,Threatened,2014
P002,Dendrogyra cylindricus,Threatened,2014
P00F,Euphyllia paradivisa,Threatened,2014
P01X,Isopora crateriformis,Threatened,2014
P017,Montipora australiensis,Threatened,2014
P006,Mycetophyllia ferox,Threatened,2014
P003,Orbicella annularis,Threatened,2014
P004,Orbicella faveolata,Threatened,2014
P01Y,Orbicella franksi,Threatened,2014
P01Q,Pavona diffluens,Threatened,2014
P01H,Porites napopora,Threatened,2014
P00I,Seriatopora aculeata,Threatened,2014
Q00O,Agave eggersiana,Endangered,2014
Q02R,Arabis georgiana,Threatened,2014
Q09E,Brickellia mosieri,Endangered,2014
Q3NC,Diplacus vandenbergensis,Endangered,2014
Q2TV,Gonocalyx concolor,Endangered,2014
Q3HO,Helianthus verticillatus,Endangered,2014
Q34J,Ivesia webberi,Threatened,2014
Q12K,Leavenworthia crassa,Endangered,2014
Q12F,Leavenworthia exigua laciniata,Threatened,2014
Q14I,Linum carteri carteri,Endangered,2014
Q139,Physaria globosa,Endangered,2014
Q0GP,Varronia rupicola,Threatened,2014
B0AZ,Tympanuchus pallidicinctus,Under Review in the Candidate or Petition Process,2014
P002,Dendrogyra cylindrus,Threatened,2014
A0I9,Emballonura semicaudata rotensis,Endangered,2015
A0JE,Myotis septentrionalis,Threatened,2015
B0DM,Calidris canutus rufa,Threatened,2015
C07T,Emoia slevini,Endangered,2015
C029,Pituophis melanoleucus lodingi,Threatened,2015
E0D1,Anoxypristis cuspidata,Endangered,2015
E0D2,Pristis clavata,Endangered,2015
E0A9,Pristis pectinata,Endangered,2015
E0D3,Pristis zijsron,Endangered,2015
G0AC,Partula gibba,Endangered,2015
G0AI,Partula langfordi,Endangered,2015
G0A8,Partula radiolata,Endangered,2015
G0A7,Samoana fragilis,Endangered,2015
I0R7,Hypolimnas octocula mariannensis,Endangered,2015
I0U8,Ischnura luta,Endangered,2015
I0R8,Vagrans egistina,Endangered,2015
Q3OU,Bulbophyllum guamense,Threatened,2015
Q3OV,Dendrobium guamense,Threatened,2015
Q3OW,Eugenia bryanii,Endangered,2015
Q3OX,Hedyotis megalantha,Endangered,2015
Q2PA,Heritiera longipetiolata,Endangered,2015
Q3OY,Maesa walkeri,Threatened,2015
Q3P2,Nervilia jacksoniae,Threatened,2015
Q3OZ,Phyllanthus saffordii,Endangered,2015
Q3P0,Psychotria malaspinae,Endangered,2015
Q3P1,Solanum guamense,Endangered,2015
Q3H0,Tabernaemontana rotensis,Threatened,2015
Q3SH,Tinospora homosepala,Endangered,2015
Q3P3,Tuberolabium guamense,Threatened,2015
R00P,Cycas micronesica,Threatened,2015
S02G,Trichomanes punctatum ssp. floridanum,Endangered,2015
C081,Aipysurus fuscus,Endangered,2015
I0R7,Hypolimnas octocula marianensis,Endangered,2015
P020,Cantharellus noumeae,Endangered,2015
P021,Siderastrea glynni,Endangered,2015
P022,Tubastraea floreana,Endangered,2015
A0FO,Emballonura semicaudata semicaudata,Endangered,2016
B0AJ,Gallicolumba stairi,Endangered,2016
B0L8,Gymnomyza samoensis,Endangered,2016
B08V,Oceanodroma castro,Endangered,2016
B07V,Setophaga angelae,Threatened,2016
C00S,Chelonia mydas,Threatened,2016
C00S,Chelonia mydas,Endangered,2016
C03P,Sistrurus catenatus,Threatened,2016
E0BF,Etheostoma spilotum,Threatened,2016
E0D9,Latimeria chalumnae,Threatened,2016
F03T,Medionidus walkeri,Threatened,2016
G0BJ,Eua zebrina,Endangered,2016
G0A5,Ostodes strigatus,Endangered,2016
I0XA,Cicindelidia floridana,Endangered,2016
I0GP,Hylaeus anthracinus,Endangered,2016
I0GQ,Hylaeus assimulans,Endangered,2016
I0GY,Hylaeus facilis,Endangered,2016
I0HT,Hylaeus hilaris,Endangered,2016
I0VM,Hylaeus kuakea,Endangered,2016
I0HC,Hylaeus longiceps,Endangered,2016
I0VL,Hylaeus mana,Endangered,2016
I063,Megalagrion xanthomelas,Endangered,2016
K03K,Cambarus callainus,Threatened,2016
K08X,Cambarus veteranus,Endangered,2016
K03B,Procaris hawaiana,Endangered,2016
Q045,Argythamnia blodgettii,Threatened,2016
Q306,Calamagrostis expansa,Endangered,2016
Q0E3,Chamaecrista lineata keyensis,Endangered,2016
Q0E7,Chamaesyce deltoidea serpyllum,Endangered,2016
Q3OI,Cyanea kauaulaensis,Endangered,2016
Q35S,Cyperus neokunthianus,Endangered,2016
Q323,Cyrtandra hematos,Endangered,2016
Q3OJ,Exocarpos menziesii,Endangered,2016
Q33I,Festuca hawaiiensis,Endangered,2016
Q33N,Gardenia remyi,Endangered,2016
Q1XN,Joinvillea ascendens ascendens,Endangered,2016
Q3OR,Kadua haupuensis,Endangered,2016
Q2U1,Kadua (=Hedyotis) fluviatilis,Endangered,2016
Q3OT,Labordia lorenciana,Endangered,2016
Q3OM,Lepidium orbiculare,Endangered,2016
Q34X,Lepidium papilliferum,Threatened,2016
Q14H,Linum arenicola,Endangered,2016
Q3HS,Myrsine fosbergii,Endangered,2016
Q19R,Nothocestrum latifolium,Endangered,2016
Q3ES,Ochrosia haleakalae,Endangered,2016
Q2VD,Phyllostegia brevidens,Endangered,2016
Q2FX,Phyllostegia helleri,Endangered,2016
Q2FV,Phyllostegia stachyoides,Endangered,2016
Q2GF,Platanthera integrilabia,Threatened,2016
Q381,Portulaca villosa,Endangered,2016
Q3ON,Pritchardia bakeri,Endangered,2016
Q1WN,Pseudognaphalium (=Gnaphalium) sandwicensium var. molokaiense,Endangered,2016
Q38H,Ranunculus hawaiensis,Endangered,2016
Q2VQ,Ranunculus mauiensis,Endangered,2016
Q2HW,Sanicula sandwicensis,Endangered,2016
Q3OO,Santalum involutum,Endangered,2016
Q3OS,Schiedea diffusa subsp. diffusa,Endangered,2016
Q2VZ,Schiedea pubescens,Endangered,2016
Q3OQ,Sicyos lanceoloideus,Endangered,2016
Q396,Sicyos macrophyllus,Endangered,2016
Q21R,Solanum nelsonii,Endangered,2016
Q1QY,Stenogyne kaalae ssp. sherffii,Endangered,2016
Q243,Wikstroemia skottsbergiana,Endangered,2016
S02K,Asplenium diellaciniatum,Endangered,2016
S02E,Cyclosorus boydiae,Endangered,2016
S02L,Deparia kaalaana,Endangered,2016
S029,Dryopteris glabra var. pusilla,Endangered,2016
S02B,Huperzia (=Phlegmariurus) stemmermanniae,Endangered,2016
S02Q,Hypolepis hawaiiensis var. mauiensis,Endangered,2016
S02A,Microlepia strigosa var. mauiensis,Endangered,2016
A0LD,Cephalorhynchus hectori hectori,Threatened,2017
A0LC,Cephalorhynchus hectori maui,Endangered,2017
B0GU,Drepanis coccinea,Threatened,2017
C067,Kinosternon sonoriense longifemorale,Endangered,2017
E07A,Percina aurora,Threatened,2017
I0WI,Bombus affinis,Endangered,2017
Q3HI,Chamaesyce deltoidea pinetorum,Threatened,2017
Q3HL,Dalea carthagenensis floridana,Endangered,2017
Q1VG,Digitaria pauciflora,Threatened,2017
Q0UM,Festuca ligulata,Endangered,2017
Q3IM,Sideroxylon reclinatum ssp. austrofloridense,Threatened,2017
C02C,Pituophis ruthveni,Threatened,2018
D030,Necturus alabamensis,Endangered,2018
F03I,Elliptio lanceolata,Threatened,2018
F02M,Popenaias popeii,Endangered,2018
